Workbook

Sheet ATTENDANCE
A1: AYV INFRASTRUCTURE
A2: ATTENDANCE REPORT
A3: NOTE: ONLY MAKE EDIT IN THE YELLOW COLOURED CELL'S | N3: SEPTEMBER | P3: 2026
A4: {=INDEX(EMPLOYEE_LIST!$A:$A,INT((ROW()-4)/7)+2)} -> AMAN NAYAK | D4: =IF(A4="", "", IFERROR(VLOOKUP(A4, EMPLOYEE_LIST!$A:$H, 2, FALSE), "")) -> AYV-35 | H4: =IF(A4="", "", IFERROR(VLOOKUP(A4, EMPLOYEE_LIST!$A:$H, 3, FALSE), "")) -> ENGINEERING | L4: =IF(A4="", "", IFERROR(VLOOKUP(A4, EMPLOYEE_LIST!$A:$H, 4, FALSE), "")) -> SUPERVISOR | P4: =IF($A4="", "", "Full Day: " & COUNTIF(B9:AF9, "FD")) -> Full Day: 0 | S4: =IF($A4="", "", "HALF Day: " & COUNTIF(B9:AF9, "HD")) -> HALF Day: 0 | V4: =IF($A4="", "", "ABSENT: " & COUNTIF(B9:AF9, "A")) -> ABSENT: 10 | Y4: =IF($A4="", "", "WEEK OFF: " & COUNTIF(B9:AF9, "WO")) -> WEEK OFF: 1 | AB4: =IF($A4="", "", "LEAVE: " & COUNTIF(B9:AF9, "L")) -> LEAVE: 0 | AD4: =IF($A4="", "", "HOLIDAY: " & COUNTIF(B9:AF9, "HL")) -> HOLIDAY: 0
A5: =IF($A4="", "", "DATE") -> DATE | B5: {=IF($A4="","",LET(mNum,MONTH(1&$N$3),start,DATE($P$3,mNum,1),days,DAY(EOMONTH(start,0)),MAP(SEQUENCE(1,days,0),LAMBDA(n,UPPER(TEXT(start+n,"dd (ddd)"))))))} -> 01 (TUE) | C5: 02 (WED) | D5: 03 (THU) | E5: 04 (FRI) | F5: 05 (SAT) | G5: 06 (SUN) | H5: 07 (MON) | I5: 08 (TUE) | J5: 09 (WED) | K5: 10 (THU) | L5: 11 (FRI) | M5: 12 (SAT) | N5: 13 (SUN) | O5: 14 (MON) | P5: 15 (TUE) | Q5: 16 (WED) | R5: 17 (THU) | S5: 18 (FRI) | T5: 19 (SAT) | U5: 20 (SUN) | V5: 21 (MON) | W5: 22 (TUE) | X5: 23 (WED) | Y5: 24 (THU) | Z5: 25 (FRI) | AA5: 26 (SAT) | AB5: 27 (SUN) | AC5: 28 (MON) | AD5: 29 (TUE) | AE5: 30 (WED)
A6: =IF($A4="", "", "IN") -> IN | B6: {=IF(OR($A4="",B$5=""),"",IFNA(INDEX(DATA_LOG!$C:$C,MATCH(1,(DATA_LOG!$A:$A=$A4)*(TEXT(DATA_LOG!$B:$B,"yyyy-MM-dd")=TEXT(DATE($P$3,MONTH(1&$N$3),VALUE(LEFT(B$5,2))),"yyyy-MM-dd")),0)),""))} | C6: {=IF(OR($A4="",C$5=""),"",IFNA(INDEX(DATA_LOG!$C:$C,MATCH(1,(DATA_LOG!$A:$A=$A4)*(TEXT(DATA_LOG!$B:$B,"yyyy-MM-dd")=TEXT(DATE($P$3,MONTH(1&$N$3),VALUE(LEFT(C$5,2))),"yyyy-MM-dd")),0)),""))} | D6: {=IF(OR($A4="",D$5=""),"",IFNA(INDEX(DATA_LOG!$C:$C,MATCH(1,(DATA_LOG!$A:$A=$A4)*(TEXT(DATA_LOG!$B:$B,"yyyy-MM-dd")=TEXT(DATE($P$3,MONTH(1&$N$3),VALUE(LEFT(D$5,2))),"yyyy-MM-dd")),0)),""))} | E6: {=IF(OR($A4="",E$5=""),"",IFNA(INDEX(DATA_LOG!$C:$C,MATCH(1,(DATA_LOG!$A:$A=$A4)*(TEXT(DATA_LOG!$B:$B,"yyyy-MM-dd")=TEXT(DATE($P$3,MONTH(1&$N$3),VALUE(LEFT(E$5,2))),"yyyy-MM-dd")),0)),""))} | F6: {=IF(OR($A4="",F$5=""),"",IFNA(INDEX(DATA_LOG!$C:$C,MATCH(1,(DATA_LOG!$A:$A=$A4)*(TEXT(DATA_LOG!$B:$B,"yyyy-MM-dd")=TEXT(DATE($P$3,MONTH(1&$N$3),VALUE(LEFT(F$5,2))),"yyyy-MM-dd")),0)),""))} | G6: {=IF(OR($A4="",G$5=""),"",IFNA(INDEX(DATA_LOG!$C:$C,MATCH(1,(DATA_LOG!$A:$A=$A4)*(TEXT(DATA_LOG!$B:$B,"yyyy-MM-dd")=TEXT(DATE($P$3,MONTH(1&$N$3),VALUE(LEFT(G$5,2))),"yyyy-MM-dd")),0)),""))} | H6: {=IF(OR($A4="",H$5=""),"",IFNA(INDEX(DATA_LOG!$C:$C,MATCH(1,(DATA_LOG!$A:$A=$A4)*(TEXT(DATA_LOG!$B:$B,"yyyy-MM-dd")=TEXT(DATE($P$3,MONTH(1&$N$3),VALUE(LEFT(H$5,2))),"yyyy-MM-dd")),0)),""))} | I6: {=IF(OR($A4="",I$5=""),"",IFNA(INDEX(DATA_LOG!$C:$C,MATCH(1,(DATA_LOG!$A:$A=$A4)*(TEXT(DATA_LOG!$B:$B,"yyyy-MM-dd")=TEXT(DATE($P$3,MONTH(1&$N$3),VALUE(LEFT(I$5,2))),"yyyy-MM-dd")),0)),""))} | ... AF6: {=IF(OR($A4="",AF$5=""),"",IFNA(INDEX(DATA_LOG!$C:$C,MATCH(1,(DATA_LOG!$A:$A=$A4)*(TEXT(DATA_LOG!$B:$B,"yyyy-MM-dd")=TEXT(DATE($P$3,MONTH(1&$N$3),VALUE(LEFT(AF$5,2))),"yyyy-MM-dd")),0)),""))}
A7: =IF($A4="", "", "OUT") -> OUT | B7: {=IF(OR($A4="",B$5=""),"",IFNA(INDEX(DATA_LOG!$D:$D,MATCH(1,(DATA_LOG!$A:$A=$A4)*(TEXT(DATA_LOG!$B:$B,"yyyy-MM-dd")=TEXT(DATE($P$3,MONTH(1&$N$3),VALUE(LEFT(B$5,2))),"yyyy-MM-dd")),0)),""))} | C7: {=IF(OR($A4="",C$5=""),"",IFNA(INDEX(DATA_LOG!$D:$D,MATCH(1,(DATA_LOG!$A:$A=$A4)*(TEXT(DATA_LOG!$B:$B,"yyyy-MM-dd")=TEXT(DATE($P$3,MONTH(1&$N$3),VALUE(LEFT(C$5,2))),"yyyy-MM-dd")),0)),""))} | D7: {=IF(OR($A4="",D$5=""),"",IFNA(INDEX(DATA_LOG!$D:$D,MATCH(1,(DATA_LOG!$A:$A=$A4)*(TEXT(DATA_LOG!$B:$B,"yyyy-MM-dd")=TEXT(DATE($P$3,MONTH(1&$N$3),VALUE(LEFT(D$5,2))),"yyyy-MM-dd")),0)),""))} | E7: {=IF(OR($A4="",E$5=""),"",IFNA(INDEX(DATA_LOG!$D:$D,MATCH(1,(DATA_LOG!$A:$A=$A4)*(TEXT(DATA_LOG!$B:$B,"yyyy-MM-dd")=TEXT(DATE($P$3,MONTH(1&$N$3),VALUE(LEFT(E$5,2))),"yyyy-MM-dd")),0)),""))} | F7: {=IF(OR($A4="",F$5=""),"",IFNA(INDEX(DATA_LOG!$D:$D,MATCH(1,(DATA_LOG!$A:$A=$A4)*(TEXT(DATA_LOG!$B:$B,"yyyy-MM-dd")=TEXT(DATE($P$3,MONTH(1&$N$3),VALUE(LEFT(F$5,2))),"yyyy-MM-dd")),0)),""))} | G7: {=IF(OR($A4="",G$5=""),"",IFNA(INDEX(DATA_LOG!$D:$D,MATCH(1,(DATA_LOG!$A:$A=$A4)*(TEXT(DATA_LOG!$B:$B,"yyyy-MM-dd")=TEXT(DATE($P$3,MONTH(1&$N$3),VALUE(LEFT(G$5,2))),"yyyy-MM-dd")),0)),""))} | H7: {=IF(OR($A4="",H$5=""),"",IFNA(INDEX(DATA_LOG!$D:$D,MATCH(1,(DATA_LOG!$A:$A=$A4)*(TEXT(DATA_LOG!$B:$B,"yyyy-MM-dd")=TEXT(DATE($P$3,MONTH(1&$N$3),VALUE(LEFT(H$5,2))),"yyyy-MM-dd")),0)),""))} | I7: {=IF(OR($A4="",I$5=""),"",IFNA(INDEX(DATA_LOG!$D:$D,MATCH(1,(DATA_LOG!$A:$A=$A4)*(TEXT(DATA_LOG!$B:$B,"yyyy-MM-dd")=TEXT(DATE($P$3,MONTH(1&$N$3),VALUE(LEFT(I$5,2))),"yyyy-MM-dd")),0)),""))} | ... AF7: {=IF(OR($A4="",AF$5=""),"",IFNA(INDEX(DATA_LOG!$D:$D,MATCH(1,(DATA_LOG!$A:$A=$A4)*(TEXT(DATA_LOG!$B:$B,"yyyy-MM-dd")=TEXT(DATE($P$3,MONTH(1&$N$3),VALUE(LEFT(AF$5,2))),"yyyy-MM-dd")),0)),""))}
A8: =IF($A4="", "", "TOTAL") -> TOTAL | B8: =IF(AND(B62<>"",B63<>""),TEXT(MOD(B63-B62,1),"hh:mm"),"") | C8: =IF(AND(C62<>"",C63<>""),TEXT(MOD(C63-C62,1),"hh:mm"),"") | D8: =IF(AND(D62<>"",D63<>""),TEXT(MOD(D63-D62,1),"hh:mm"),"") | E8: =IF(AND(E62<>"",E63<>""),TEXT(MOD(E63-E62,1),"hh:mm"),"") | F8: =IF(AND(F62<>"",F63<>""),TEXT(MOD(F63-F62,1),"hh:mm"),"") | G8: =IF(AND(G62<>"",G63<>""),TEXT(MOD(G63-G62,1),"hh:mm"),"") | H8: =IF(AND(H62<>"",H63<>""),TEXT(MOD(H63-H62,1),"hh:mm"),"") | I8: =IF(AND(I62<>"",I63<>""),TEXT(MOD(I63-I62,1),"hh:mm"),"") | ... AF8: =IF(AND(AF62<>"",AF63<>""),TEXT(MOD(AF63-AF62,1),"hh:mm"),"")
A9: =IF($A4="", "", "STATUS") -> STATUS | B9: =IFERROR(__xludf.DUMMYFUNCTION("IF($A4="""","""",IF(B$5="""","""",LET(logStatus,IFNA(INDEX(DATA_LOG!$E:$E,MATCH(1,(DATA_LOG!$A:$A=$A4)*(TEXT(DATA_LOG!$B:$B,""yyyy-MM-dd"")=TEXT(DATE($P$3,MONTH(1&$N$3),VALUE(LEFT(B$5,2))),""yyyy-MM-dd"")),0)),""""),selectedDate,DATE($P$3,MONTH(1&$N$3),VA"&"LUE(LEFT(B$5,2))),IF(logStatus<>"""",UPPER(logStatus),IF(selectedDate>TODAY(),""-"",IF(REGEXMATCH(B$5,""SUN""),""WO"",IF(B$8<>"""",IF(VALUE(B$8)>=9/24,""FD"",""HD""),""A"")))))))"),"A") -> A | C9: =IFERROR(__xludf.DUMMYFUNCTION("IF($A4="""","""",IF(C$5="""","""",LET(logStatus,IFNA(INDEX(DATA_LOG!$E:$E,MATCH(1,(DATA_LOG!$A:$A=$A4)*(TEXT(DATA_LOG!$B:$B,""yyyy-MM-dd"")=TEXT(DATE($P$3,MONTH(1&$N$3),VALUE(LEFT(C$5,2))),""yyyy-MM-dd"")),0)),""""),selectedDate,DATE($P$3,MONTH(1&$N$3),VA"&"LUE(LEFT(C$5,2))),IF(logStatus<>"""",UPPER(logStatus),IF(selectedDate>TODAY(),""-"",IF(REGEXMATCH(C$5,""SUN""),""WO"",IF(C$8<>"""",IF(VALUE(C$8)>=9/24,""FD"",""HD""),""A"")))))))"),"A") -> A | D9: =IFERROR(__xludf.DUMMYFUNCTION("IF($A4="""","""",IF(D$5="""","""",LET(logStatus,IFNA(INDEX(DATA_LOG!$E:$E,MATCH(1,(DATA_LOG!$A:$A=$A4)*(TEXT(DATA_LOG!$B:$B,""yyyy-MM-dd"")=TEXT(DATE($P$3,MONTH(1&$N$3),VALUE(LEFT(D$5,2))),""yyyy-MM-dd"")),0)),""""),selectedDate,DATE($P$3,MONTH(1&$N$3),VA"&"LUE(LEFT(D$5,2))),IF(logStatus<>"""",UPPER(logStatus),IF(selectedDate>TODAY(),""-"",IF(REGEXMATCH(D$5,""SUN""),""WO"",IF(D$8<>"""",IF(VALUE(D$8)>=9/24,""FD"",""HD""),""A"")))))))"),"A") -> A | E9: =IFERROR(__xludf.DUMMYFUNCTION("IF($A4="""","""",IF(E$5="""","""",LET(logStatus,IFNA(INDEX(DATA_LOG!$E:$E,MATCH(1,(DATA_LOG!$A:$A=$A4)*(TEXT(DATA_LOG!$B:$B,""yyyy-MM-dd"")=TEXT(DATE($P$3,MONTH(1&$N$3),VALUE(LEFT(E$5,2))),""yyyy-MM-dd"")),0)),""""),selectedDate,DATE($P$3,MONTH(1&$N$3),VA"&"LUE(LEFT(E$5,2))),IF(logStatus<>"""",UPPER(logStatus),IF(selectedDate>TODAY(),""-"",IF(REGEXMATCH(E$5,""SUN""),""WO"",IF(E$8<>"""",IF(VALUE(E$8)>=9/24,""FD"",""HD""),""A"")))))))"),"A") -> A | F9: =IFERROR(__xludf.DUMMYFUNCTION("IF($A4="""","""",IF(F$5="""","""",LET(logStatus,IFNA(INDEX(DATA_LOG!$E:$E,MATCH(1,(DATA_LOG!$A:$A=$A4)*(TEXT(DATA_LOG!$B:$B,""yyyy-MM-dd"")=TEXT(DATE($P$3,MONTH(1&$N$3),VALUE(LEFT(F$5,2))),""yyyy-MM-dd"")),0)),""""),selectedDate,DATE($P$3,MONTH(1&$N$3),VA"&"LUE(LEFT(F$5,2))),IF(logStatus<>"""",UPPER(logStatus),IF(selectedDate>TODAY(),""-"",IF(REGEXMATCH(F$5,""SUN""),""WO"",IF(F$8<>"""",IF(VALUE(F$8)>=9/24,""FD"",""HD""),""A"")))))))"),"A") -> A | G9: =IFERROR(__xludf.DUMMYFUNCTION("IF($A4="""","""",IF(G$5="""","""",LET(logStatus,IFNA(INDEX(DATA_LOG!$E:$E,MATCH(1,(DATA_LOG!$A:$A=$A4)*(TEXT(DATA_LOG!$B:$B,""yyyy-MM-dd"")=TEXT(DATE($P$3,MONTH(1&$N$3),VALUE(LEFT(G$5,2))),""yyyy-MM-dd"")),0)),""""),selectedDate,DATE($P$3,MONTH(1&$N$3),VA"&"LUE(LEFT(G$5,2))),IF(logStatus<>"""",UPPER(logStatus),IF(selectedDate>TODAY(),""-"",IF(REGEXMATCH(G$5,""SUN""),""WO"",IF(G$8<>"""",IF(VALUE(G$8)>=9/24,""FD"",""HD""),""A"")))))))"),"WO") -> WO | H9: =IFERROR(__xludf.DUMMYFUNCTION("IF($A4="""","""",IF(H$5="""","""",LET(logStatus,IFNA(INDEX(DATA_LOG!$E:$E,MATCH(1,(DATA_LOG!$A:$A=$A4)*(TEXT(DATA_LOG!$B:$B,""yyyy-MM-dd"")=TEXT(DATE($P$3,MONTH(1&$N$3),VALUE(LEFT(H$5,2))),""yyyy-MM-dd"")),0)),""""),selectedDate,DATE($P$3,MONTH(1&$N$3),VA"&"LUE(LEFT(H$5,2))),IF(logStatus<>"""",UPPER(logStatus),IF(selectedDate>TODAY(),""-"",IF(REGEXMATCH(H$5,""SUN""),""WO"",IF(H$8<>"""",IF(VALUE(H$8)>=9/24,""FD"",""HD""),""A"")))))))"),"A") -> A | I9: =IFERROR(__xludf.DUMMYFUNCTION("IF($A4="""","""",IF(I$5="""","""",LET(logStatus,IFNA(INDEX(DATA_LOG!$E:$E,MATCH(1,(DATA_LOG!$A:$A=$A4)*(TEXT(DATA_LOG!$B:$B,""yyyy-MM-dd"")=TEXT(DATE($P$3,MONTH(1&$N$3),VALUE(LEFT(I$5,2))),""yyyy-MM-dd"")),0)),""""),selectedDate,DATE($P$3,MONTH(1&$N$3),VA"&"LUE(LEFT(I$5,2))),IF(logStatus<>"""",UPPER(logStatus),IF(selectedDate>TODAY(),""-"",IF(REGEXMATCH(I$5,""SUN""),""WO"",IF(I$8<>"""",IF(VALUE(I$8)>=9/24,""FD"",""HD""),""A"")))))))"),"A") -> A | J9: =IFERROR(__xludf.DUMMYFUNCTION("IF($A4="""","""",IF(J$5="""","""",LET(logStatus,IFNA(INDEX(DATA_LOG!$E:$E,MATCH(1,(DATA_LOG!$A:$A=$A4)*(TEXT(DATA_LOG!$B:$B,""yyyy-MM-dd"")=TEXT(DATE($P$3,MONTH(1&$N$3),VALUE(LEFT(J$5,2))),""yyyy-MM-dd"")),0)),""""),selectedDate,DATE($P$3,MONTH(1&$N$3),VA"&"LUE(LEFT(J$5,2))),IF(logStatus<>"""",UPPER(logStatus),IF(selectedDate>TODAY(),""-"",IF(REGEXMATCH(J$5,""SUN""),""WO"",IF(J$8<>"""",IF(VALUE(J$8)>=9/24,""FD"",""HD""),""A"")))))))"),"A") -> A | K9: =IFERROR(__xludf.DUMMYFUNCTION("IF($A4="""","""",IF(K$5="""","""",LET(logStatus,IFNA(INDEX(DATA_LOG!$E:$E,MATCH(1,(DATA_LOG!$A:$A=$A4)*(TEXT(DATA_LOG!$B:$B,""yyyy-MM-dd"")=TEXT(DATE($P$3,MONTH(1&$N$3),VALUE(LEFT(K$5,2))),""yyyy-MM-dd"")),0)),""""),selectedDate,DATE($P$3,MONTH(1&$N$3),VA"&"LUE(LEFT(K$5,2))),IF(logStatus<>"""",UPPER(logStatus),IF(selectedDate>TODAY(),""-"",IF(REGEXMATCH(K$5,""SUN""),""WO"",IF(K$8<>"""",IF(VALUE(K$8)>=9/24,""FD"",""HD""),""A"")))))))"),"A") -> A | L9: =IFERROR(__xludf.DUMMYFUNCTION("IF($A4="""","""",IF(L$5="""","""",LET(logStatus,IFNA(INDEX(DATA_LOG!$E:$E,MATCH(1,(DATA_LOG!$A:$A=$A4)*(TEXT(DATA_LOG!$B:$B,""yyyy-MM-dd"")=TEXT(DATE($P$3,MONTH(1&$N$3),VALUE(LEFT(L$5,2))),""yyyy-MM-dd"")),0)),""""),selectedDate,DATE($P$3,MONTH(1&$N$3),VA"&"LUE(LEFT(L$5,2))),IF(logStatus<>"""",UPPER(logStatus),IF(selectedDate>TODAY(),""-"",IF(REGEXMATCH(L$5,""SUN""),""WO"",IF(L$8<>"""",IF(VALUE(L$8)>=9/24,""FD"",""HD""),""A"")))))))"),"A") -> A | M9: =IFERROR(__xludf.DUMMYFUNCTION("IF($A4="""","""",IF(M$5="""","""",LET(logStatus,IFNA(INDEX(DATA_LOG!$E:$E,MATCH(1,(DATA_LOG!$A:$A=$A4)*(TEXT(DATA_LOG!$B:$B,""yyyy-MM-dd"")=TEXT(DATE($P$3,MONTH(1&$N$3),VALUE(LEFT(M$5,2))),""yyyy-MM-dd"")),0)),""""),selectedDate,DATE($P$3,MONTH(1&$N$3),VA"&"LUE(LEFT(M$5,2))),IF(logStatus<>"""",UPPER(logStatus),IF(selectedDate>TODAY(),""-"",IF(REGEXMATCH(M$5,""SUN""),""WO"",IF(M$8<>"""",IF(VALUE(M$8)>=9/24,""FD"",""HD""),""A"")))))))"),"-") -> - | N9: =IFERROR(__xludf.DUMMYFUNCTION("IF($A4="""","""",IF(N$5="""","""",LET(logStatus,IFNA(INDEX(DATA_LOG!$E:$E,MATCH(1,(DATA_LOG!$A:$A=$A4)*(TEXT(DATA_LOG!$B:$B,""yyyy-MM-dd"")=TEXT(DATE($P$3,MONTH(1&$N$3),VALUE(LEFT(N$5,2))),""yyyy-MM-dd"")),0)),""""),selectedDate,DATE($P$3,MONTH(1&$N$3),VA"&"LUE(LEFT(N$5,2))),IF(logStatus<>"""",UPPER(logStatus),IF(selectedDate>TODAY(),""-"",IF(REGEXMATCH(N$5,""SUN""),""WO"",IF(N$8<>"""",IF(VALUE(N$8)>=9/24,""FD"",""HD""),""A"")))))))"),"-") -> - | O9: =IFERROR(__xludf.DUMMYFUNCTION("IF($A4="""","""",IF(O$5="""","""",LET(logStatus,IFNA(INDEX(DATA_LOG!$E:$E,MATCH(1,(DATA_LOG!$A:$A=$A4)*(TEXT(DATA_LOG!$B:$B,""yyyy-MM-dd"")=TEXT(DATE($P$3,MONTH(1&$N$3),VALUE(LEFT(O$5,2))),""yyyy-MM-dd"")),0)),""""),selectedDate,DATE($P$3,MONTH(1&$N$3),VA"&"LUE(LEFT(O$5,2))),IF(logStatus<>"""",UPPER(logStatus),IF(selectedDate>TODAY(),""-"",IF(REGEXMATCH(O$5,""SUN""),""WO"",IF(O$8<>"""",IF(VALUE(O$8)>=9/24,""FD"",""HD""),""A"")))))))"),"-") -> - | P9: =IFERROR(__xludf.DUMMYFUNCTION("IF($A4="""","""",IF(P$5="""","""",LET(logStatus,IFNA(INDEX(DATA_LOG!$E:$E,MATCH(1,(DATA_LOG!$A:$A=$A4)*(TEXT(DATA_LOG!$B:$B,""yyyy-MM-dd"")=TEXT(DATE($P$3,MONTH(1&$N$3),VALUE(LEFT(P$5,2))),""yyyy-MM-dd"")),0)),""""),selectedDate,DATE($P$3,MONTH(1&$N$3),VA"&"LUE(LEFT(P$5,2))),IF(logStatus<>"""",UPPER(logStatus),IF(selectedDate>TODAY(),""-"",IF(REGEXMATCH(P$5,""SUN""),""WO"",IF(P$8<>"""",IF(VALUE(P$8)>=9/24,""FD"",""HD""),""A"")))))))"),"-") -> - | Q9: =IFERROR(__xludf.DUMMYFUNCTION("IF($A4="""","""",IF(Q$5="""","""",LET(logStatus,IFNA(INDEX(DATA_LOG!$E:$E,MATCH(1,(DATA_LOG!$A:$A=$A4)*(TEXT(DATA_LOG!$B:$B,""yyyy-MM-dd"")=TEXT(DATE($P$3,MONTH(1&$N$3),VALUE(LEFT(Q$5,2))),""yyyy-MM-dd"")),0)),""""),selectedDate,DATE($P$3,MONTH(1&$N$3),VA"&"LUE(LEFT(Q$5,2))),IF(logStatus<>"""",UPPER(logStatus),IF(selectedDate>TODAY(),""-"",IF(REGEXMATCH(Q$5,""SUN""),""WO"",IF(Q$8<>"""",IF(VALUE(Q$8)>=9/24,""FD"",""HD""),""A"")))))))"),"-") -> - | R9: =IFERROR(__xludf.DUMMYFUNCTION("IF($A4="""","""",IF(R$5="""","""",LET(logStatus,IFNA(INDEX(DATA_LOG!$E:$E,MATCH(1,(DATA_LOG!$A:$A=$A4)*(TEXT(DATA_LOG!$B:$B,""yyyy-MM-dd"")=TEXT(DATE($P$3,MONTH(1&$N$3),VALUE(LEFT(R$5,2))),""yyyy-MM-dd"")),0)),""""),selectedDate,DATE($P$3,MONTH(1&$N$3),VA"&"LUE(LEFT(R$5,2))),IF(logStatus<>"""",UPPER(logStatus),IF(selectedDate>TODAY(),""-"",IF(REGEXMATCH(R$5,""SUN""),""WO"",IF(R$8<>"""",IF(VALUE(R$8)>=9/24,""FD"",""HD""),""A"")))))))"),"-") -> - | S9: =IFERROR(__xludf.DUMMYFUNCTION("IF($A4="""","""",IF(S$5="""","""",LET(logStatus,IFNA(INDEX(DATA_LOG!$E:$E,MATCH(1,(DATA_LOG!$A:$A=$A4)*(TEXT(DATA_LOG!$B:$B,""yyyy-MM-dd"")=TEXT(DATE($P$3,MONTH(1&$N$3),VALUE(LEFT(S$5,2))),""yyyy-MM-dd"")),0)),""""),selectedDate,DATE($P$3,MONTH(1&$N$3),VA"&"LUE(LEFT(S$5,2))),IF(logStatus<>"""",UPPER(logStatus),IF(selectedDate>TODAY(),""-"",IF(REGEXMATCH(S$5,""SUN""),""WO"",IF(S$8<>"""",IF(VALUE(S$8)>=9/24,""FD"",""HD""),""A"")))))))"),"-") -> - | T9: =IFERROR(__xludf.DUMMYFUNCTION("IF($A4="""","""",IF(T$5="""","""",LET(logStatus,IFNA(INDEX(DATA_LOG!$E:$E,MATCH(1,(DATA_LOG!$A:$A=$A4)*(TEXT(DATA_LOG!$B:$B,""yyyy-MM-dd"")=TEXT(DATE($P$3,MONTH(1&$N$3),VALUE(LEFT(T$5,2))),""yyyy-MM-dd"")),0)),""""),selectedDate,DATE($P$3,MONTH(1&$N$3),VA"&"LUE(LEFT(T$5,2))),IF(logStatus<>"""",UPPER(logStatus),IF(selectedDate>TODAY(),""-"",IF(REGEXMATCH(T$5,""SUN""),""WO"",IF(T$8<>"""",IF(VALUE(T$8)>=9/24,""FD"",""HD""),""A"")))))))"),"-") -> - | U9: =IFERROR(__xludf.DUMMYFUNCTION("IF($A4="""","""",IF(U$5="""","""",LET(logStatus,IFNA(INDEX(DATA_LOG!$E:$E,MATCH(1,(DATA_LOG!$A:$A=$A4)*(TEXT(DATA_LOG!$B:$B,""yyyy-MM-dd"")=TEXT(DATE($P$3,MONTH(1&$N$3),VALUE(LEFT(U$5,2))),""yyyy-MM-dd"")),0)),""""),selectedDate,DATE($P$3,MONTH(1&$N$3),VA"&"LUE(LEFT(U$5,2))),IF(logStatus<>"""",UPPER(logStatus),IF(selectedDate>TODAY(),""-"",IF(REGEXMATCH(U$5,""SUN""),""WO"",IF(U$8<>"""",IF(VALUE(U$8)>=9/24,""FD"",""HD""),""A"")))))))"),"-") -> - | V9: =IFERROR(__xludf.DUMMYFUNCTION("IF($A4="""","""",IF(V$5="""","""",LET(logStatus,IFNA(INDEX(DATA_LOG!$E:$E,MATCH(1,(DATA_LOG!$A:$A=$A4)*(TEXT(DATA_LOG!$B:$B,""yyyy-MM-dd"")=TEXT(DATE($P$3,MONTH(1&$N$3),VALUE(LEFT(V$5,2))),""yyyy-MM-dd"")),0)),""""),selectedDate,DATE($P$3,MONTH(1&$N$3),VA"&"LUE(LEFT(V$5,2))),IF(logStatus<>"""",UPPER(logStatus),IF(selectedDate>TODAY(),""-"",IF(REGEXMATCH(V$5,""SUN""),""WO"",IF(V$8<>"""",IF(VALUE(V$8)>=9/24,""FD"",""HD""),""A"")))))))"),"-") -> - | W9: =IFERROR(__xludf.DUMMYFUNCTION("IF($A4="""","""",IF(W$5="""","""",LET(logStatus,IFNA(INDEX(DATA_LOG!$E:$E,MATCH(1,(DATA_LOG!$A:$A=$A4)*(TEXT(DATA_LOG!$B:$B,""yyyy-MM-dd"")=TEXT(DATE($P$3,MONTH(1&$N$3),VALUE(LEFT(W$5,2))),""yyyy-MM-dd"")),0)),""""),selectedDate,DATE($P$3,MONTH(1&$N$3),VA"&"LUE(LEFT(W$5,2))),IF(logStatus<>"""",UPPER(logStatus),IF(selectedDate>TODAY(),""-"",IF(REGEXMATCH(W$5,""SUN""),""WO"",IF(W$8<>"""",IF(VALUE(W$8)>=9/24,""FD"",""HD""),""A"")))))))"),"-") -> - | X9: =IFERROR(__xludf.DUMMYFUNCTION("IF($A4="""","""",IF(X$5="""","""",LET(logStatus,IFNA(INDEX(DATA_LOG!$E:$E,MATCH(1,(DATA_LOG!$A:$A=$A4)*(TEXT(DATA_LOG!$B:$B,""yyyy-MM-dd"")=TEXT(DATE($P$3,MONTH(1&$N$3),VALUE(LEFT(X$5,2))),""yyyy-MM-dd"")),0)),""""),selectedDate,DATE($P$3,MONTH(1&$N$3),VA"&"LUE(LEFT(X$5,2))),IF(logStatus<>"""",UPPER(logStatus),IF(selectedDate>TODAY(),""-"",IF(REGEXMATCH(X$5,""SUN""),""WO"",IF(X$8<>"""",IF(VALUE(X$8)>=9/24,""FD"",""HD""),""A"")))))))"),"-") -> - | Y9: =IFERROR(__xludf.DUMMYFUNCTION("IF($A4="""","""",IF(Y$5="""","""",LET(logStatus,IFNA(INDEX(DATA_LOG!$E:$E,MATCH(1,(DATA_LOG!$A:$A=$A4)*(TEXT(DATA_LOG!$B:$B,""yyyy-MM-dd"")=TEXT(DATE($P$3,MONTH(1&$N$3),VALUE(LEFT(Y$5,2))),""yyyy-MM-dd"")),0)),""""),selectedDate,DATE($P$3,MONTH(1&$N$3),VA"&"LUE(LEFT(Y$5,2))),IF(logStatus<>"""",UPPER(logStatus),IF(selectedDate>TODAY(),""-"",IF(REGEXMATCH(Y$5,""SUN""),""WO"",IF(Y$8<>"""",IF(VALUE(Y$8)>=9/24,""FD"",""HD""),""A"")))))))"),"-") -> - | Z9: =IFERROR(__xludf.DUMMYFUNCTION("IF($A4="""","""",IF(Z$5="""","""",LET(logStatus,IFNA(INDEX(DATA_LOG!$E:$E,MATCH(1,(DATA_LOG!$A:$A=$A4)*(TEXT(DATA_LOG!$B:$B,""yyyy-MM-dd"")=TEXT(DATE($P$3,MONTH(1&$N$3),VALUE(LEFT(Z$5,2))),""yyyy-MM-dd"")),0)),""""),selectedDate,DATE($P$3,MONTH(1&$N$3),VA"&"LUE(LEFT(Z$5,2))),IF(logStatus<>"""",UPPER(logStatus),IF(selectedDate>TODAY(),""-"",IF(REGEXMATCH(Z$5,""SUN""),""WO"",IF(Z$8<>"""",IF(VALUE(Z$8)>=9/24,""FD"",""HD""),""A"")))))))"),"-") -> - | AA9: =IFERROR(__xludf.DUMMYFUNCTION("IF($A4="""","""",IF(AA$5="""","""",LET(logStatus,IFNA(INDEX(DATA_LOG!$E:$E,MATCH(1,(DATA_LOG!$A:$A=$A4)*(TEXT(DATA_LOG!$B:$B,""yyyy-MM-dd"")=TEXT(DATE($P$3,MONTH(1&$N$3),VALUE(LEFT(AA$5,2))),""yyyy-MM-dd"")),0)),""""),selectedDate,DATE($P$3,MONTH(1&$N$3),"&"VALUE(LEFT(AA$5,2))),IF(logStatus<>"""",UPPER(logStatus),IF(selectedDate>TODAY(),""-"",IF(REGEXMATCH(AA$5,""SUN""),""WO"",IF(AA$8<>"""",IF(VALUE(AA$8)>=9/24,""FD"",""HD""),""A"")))))))"),"-") -> - | AB9: =IFERROR(__xludf.DUMMYFUNCTION("IF($A4="""","""",IF(AB$5="""","""",LET(logStatus,IFNA(INDEX(DATA_LOG!$E:$E,MATCH(1,(DATA_LOG!$A:$A=$A4)*(TEXT(DATA_LOG!$B:$B,""yyyy-MM-dd"")=TEXT(DATE($P$3,MONTH(1&$N$3),VALUE(LEFT(AB$5,2))),""yyyy-MM-dd"")),0)),""""),selectedDate,DATE($P$3,MONTH(1&$N$3),"&"VALUE(LEFT(AB$5,2))),IF(logStatus<>"""",UPPER(logStatus),IF(selectedDate>TODAY(),""-"",IF(REGEXMATCH(AB$5,""SUN""),""WO"",IF(AB$8<>"""",IF(VALUE(AB$8)>=9/24,""FD"",""HD""),""A"")))))))"),"-") -> - | AC9: =IFERROR(__xludf.DUMMYFUNCTION("IF($A4="""","""",IF(AC$5="""","""",LET(logStatus,IFNA(INDEX(DATA_LOG!$E:$E,MATCH(1,(DATA_LOG!$A:$A=$A4)*(TEXT(DATA_LOG!$B:$B,""yyyy-MM-dd"")=TEXT(DATE($P$3,MONTH(1&$N$3),VALUE(LEFT(AC$5,2))),""yyyy-MM-dd"")),0)),""""),selectedDate,DATE($P$3,MONTH(1&$N$3),"&"VALUE(LEFT(AC$5,2))),IF(logStatus<>"""",UPPER(logStatus),IF(selectedDate>TODAY(),""-"",IF(REGEXMATCH(AC$5,""SUN""),""WO"",IF(AC$8<>"""",IF(VALUE(AC$8)>=9/24,""FD"",""HD""),""A"")))))))"),"-") -> - | AD9: =IFERROR(__xludf.DUMMYFUNCTION("IF($A4="""","""",IF(AD$5="""","""",LET(logStatus,IFNA(INDEX(DATA_LOG!$E:$E,MATCH(1,(DATA_LOG!$A:$A=$A4)*(TEXT(DATA_LOG!$B:$B,""yyyy-MM-dd"")=TEXT(DATE($P$3,MONTH(1&$N$3),VALUE(LEFT(AD$5,2))),""yyyy-MM-dd"")),0)),""""),selectedDate,DATE($P$3,MONTH(1&$N$3),"&"VALUE(LEFT(AD$5,2))),IF(logStatus<>"""",UPPER(logStatus),IF(selectedDate>TODAY(),""-"",IF(REGEXMATCH(AD$5,""SUN""),""WO"",IF(AD$8<>"""",IF(VALUE(AD$8)>=9/24,""FD"",""HD""),""A"")))))))"),"-") -> - | AE9: =IFERROR(__xludf.DUMMYFUNCTION("IF($A4="""","""",IF(AE$5="""","""",LET(logStatus,IFNA(INDEX(DATA_LOG!$E:$E,MATCH(1,(DATA_LOG!$A:$A=$A4)*(TEXT(DATA_LOG!$B:$B,""yyyy-MM-dd"")=TEXT(DATE($P$3,MONTH(1&$N$3),VALUE(LEFT(AE$5,2))),""yyyy-MM-dd"")),0)),""""),selectedDate,DATE($P$3,MONTH(1&$N$3),"&"VALUE(LEFT(AE$5,2))),IF(logStatus<>"""",UPPER(logStatus),IF(selectedDate>TODAY(),""-"",IF(REGEXMATCH(AE$5,""SUN""),""WO"",IF(AE$8<>"""",IF(VALUE(AE$8)>=9/24,""FD"",""HD""),""A"")))))))"),"-") -> - | AF9: =IFERROR(__xludf.DUMMYFUNCTION("IF($A4="""","""",IF(AF$5="""","""",LET(logStatus,IFNA(INDEX(DATA_LOG!$E:$E,MATCH(1,(DATA_LOG!$A:$A=$A4)*(TEXT(DATA_LOG!$B:$B,""yyyy-MM-dd"")=TEXT(DATE($P$3,MONTH(1&$N$3),VALUE(LEFT(AF$5,2))),""yyyy-MM-dd"")),0)),""""),selectedDate,DATE($P$3,MONTH(1&$N$3),"&"VALUE(LEFT(AF$5,2))),IF(logStatus<>"""",UPPER(logStatus),IF(selectedDate>TODAY(),""-"",IF(REGEXMATCH(AF$5,""SUN""),""WO"",IF(AF$8<>"""",IF(VALUE(AF$8)>=9/24,""FD"",""HD""),""A"")))))))"),"")
A11: {=INDEX(EMPLOYEE_LIST!$A:$A,INT((ROW()-4)/7)+2)} -> ARJUN BAHADUR | D11: =IF(A11="", "", IFERROR(VLOOKUP(A11, EMPLOYEE_LIST!$A:$H, 2, FALSE), "")) -> AYV-88 | H11: =IF(A11="", "", IFERROR(VLOOKUP(A11, EMPLOYEE_LIST!$A:$H, 3, FALSE), "")) -> SUPERVISOR | L11: =IF(A11="", "", IFERROR(VLOOKUP(A11, EMPLOYEE_LIST!$A:$H, 4, FALSE), "")) -> SUPERVISOR | P11: =IF($A11="", "", "Full Day: " & COUNTIF(B16:AF16, "FD")) -> Full Day: 0 | S11: =IF($A11="", "", "HALF Day: " & COUNTIF(B16:AF16, "HD")) -> HALF Day: 0 | V11: =IF($A11="", "", "ABSENT: " & COUNTIF(B16:AF16, "A")) -> ABSENT: 10 | Y11: =IF($A11="", "", "WEEK OFF: " & COUNTIF(B16:AF16, "WO")) -> WEEK OFF: 1 | AB11: =IF($A11="", "", "LEAVE: " & COUNTIF(B16:AF16, "L")) -> LEAVE: 0 | AD11: =IF($A11="", "", "HOLIDAY: " & COUNTIF(B16:AF16, "HL")) -> HOLIDAY: 0
A12: =IF($A11="", "", "DATE") -> DATE | B12: {=IF($A11="","",LET(mNum,MONTH(1&$N$3),start,DATE($P$3,mNum,1),days,DAY(EOMONTH(start,0)),MAP(SEQUENCE(1,days,0),LAMBDA(n,UPPER(TEXT(start+n,"dd (ddd)"))))))} -> 01 (TUE) | C12: 02 (WED) | D12: 03 (THU) | E12: 04 (FRI) | F12: 05 (SAT) | G12: 06 (SUN) | H12: 07 (MON) | I12: 08 (TUE) | J12: 09 (WED) | K12: 10 (THU) | L12: 11 (FRI) | M12: 12 (SAT) | N12: 13 (SUN) | O12: 14 (MON) | P12: 15 (TUE) | Q12: 16 (WED) | R12: 17 (THU) | S12: 18 (FRI) | T12: 19 (SAT) | U12: 20 (SUN) | V12: 21 (MON) | W12: 22 (TUE) | X12: 23 (WED) | Y12: 24 (THU) | Z12: 25 (FRI) | AA12: 26 (SAT) | AB12: 27 (SUN) | AC12: 28 (MON) | AD12: 29 (TUE) | AE12: 30 (WED)
A13: =IF($A11="", "", "IN") -> IN | B13: {=IF(OR($A11="",B$5=""),"",IFNA(INDEX(DATA_LOG!$C:$C,MATCH(1,(DATA_LOG!$A:$A=$A11)*(TEXT(DATA_LOG!$B:$B,"yyyy-MM-dd")=TEXT(DATE($P$3,MONTH(1&$N$3),VALUE(LEFT(B$5,2))),"yyyy-MM-dd")),0)),""))} | C13: {=IF(OR($A11="",C$5=""),"",IFNA(INDEX(DATA_LOG!$C:$C,MATCH(1,(DATA_LOG!$A:$A=$A11)*(TEXT(DATA_LOG!$B:$B,"yyyy-MM-dd")=TEXT(DATE($P$3,MONTH(1&$N$3),VALUE(LEFT(C$5,2))),"yyyy-MM-dd")),0)),""))} | D13: {=IF(OR($A11="",D$5=""),"",IFNA(INDEX(DATA_LOG!$C:$C,MATCH(1,(DATA_LOG!$A:$A=$A11)*(TEXT(DATA_LOG!$B:$B,"yyyy-MM-dd")=TEXT(DATE($P$3,MONTH(1&$N$3),VALUE(LEFT(D$5,2))),"yyyy-MM-dd")),0)),""))} | E13: {=IF(OR($A11="",E$5=""),"",IFNA(INDEX(DATA_LOG!$C:$C,MATCH(1,(DATA_LOG!$A:$A=$A11)*(TEXT(DATA_LOG!$B:$B,"yyyy-MM-dd")=TEXT(DATE($P$3,MONTH(1&$N$3),VALUE(LEFT(E$5,2))),"yyyy-MM-dd")),0)),""))} | F13: {=IF(OR($A11="",F$5=""),"",IFNA(INDEX(DATA_LOG!$C:$C,MATCH(1,(DATA_LOG!$A:$A=$A11)*(TEXT(DATA_LOG!$B:$B,"yyyy-MM-dd")=TEXT(DATE($P$3,MONTH(1&$N$3),VALUE(LEFT(F$5,2))),"yyyy-MM-dd")),0)),""))} | G13: {=IF(OR($A11="",G$5=""),"",IFNA(INDEX(DATA_LOG!$C:$C,MATCH(1,(DATA_LOG!$A:$A=$A11)*(TEXT(DATA_LOG!$B:$B,"yyyy-MM-dd")=TEXT(DATE($P$3,MONTH(1&$N$3),VALUE(LEFT(G$5,2))),"yyyy-MM-dd")),0)),""))} | H13: {=IF(OR($A11="",H$5=""),"",IFNA(INDEX(DATA_LOG!$C:$C,MATCH(1,(DATA_LOG!$A:$A=$A11)*(TEXT(DATA_LOG!$B:$B,"yyyy-MM-dd")=TEXT(DATE($P$3,MONTH(1&$N$3),VALUE(LEFT(H$5,2))),"yyyy-MM-dd")),0)),""))} | I13: {=IF(OR($A11="",I$5=""),"",IFNA(INDEX(DATA_LOG!$C:$C,MATCH(1,(DATA_LOG!$A:$A=$A11)*(TEXT(DATA_LOG!$B:$B,"yyyy-MM-dd")=TEXT(DATE($P$3,MONTH(1&$N$3),VALUE(LEFT(I$5,2))),"yyyy-MM-dd")),0)),""))} | ... AF13: {=IF(OR($A11="",AF$5=""),"",IFNA(INDEX(DATA_LOG!$C:$C,MATCH(1,(DATA_LOG!$A:$A=$A11)*(TEXT(DATA_LOG!$B:$B,"yyyy-MM-dd")=TEXT(DATE($P$3,MONTH(1&$N$3),VALUE(LEFT(AF$5,2))),"yyyy-MM-dd")),0)),""))}
A14: =IF($A11="", "", "OUT") -> OUT | B14: {=IF(OR($A11="",B$5=""),"",IFNA(INDEX(DATA_LOG!$D:$D,MATCH(1,(DATA_LOG!$A:$A=$A11)*(TEXT(DATA_LOG!$B:$B,"yyyy-MM-dd")=TEXT(DATE($P$3,MONTH(1&$N$3),VALUE(LEFT(B$5,2))),"yyyy-MM-dd")),0)),""))} | C14: {=IF(OR($A11="",C$5=""),"",IFNA(INDEX(DATA_LOG!$D:$D,MATCH(1,(DATA_LOG!$A:$A=$A11)*(TEXT(DATA_LOG!$B:$B,"yyyy-MM-dd")=TEXT(DATE($P$3,MONTH(1&$N$3),VALUE(LEFT(C$5,2))),"yyyy-MM-dd")),0)),""))} | D14: {=IF(OR($A11="",D$5=""),"",IFNA(INDEX(DATA_LOG!$D:$D,MATCH(1,(DATA_LOG!$A:$A=$A11)*(TEXT(DATA_LOG!$B:$B,"yyyy-MM-dd")=TEXT(DATE($P$3,MONTH(1&$N$3),VALUE(LEFT(D$5,2))),"yyyy-MM-dd")),0)),""))} | E14: {=IF(OR($A11="",E$5=""),"",IFNA(INDEX(DATA_LOG!$D:$D,MATCH(1,(DATA_LOG!$A:$A=$A11)*(TEXT(DATA_LOG!$B:$B,"yyyy-MM-dd")=TEXT(DATE($P$3,MONTH(1&$N$3),VALUE(LEFT(E$5,2))),"yyyy-MM-dd")),0)),""))} | F14: {=IF(OR($A11="",F$5=""),"",IFNA(INDEX(DATA_LOG!$D:$D,MATCH(1,(DATA_LOG!$A:$A=$A11)*(TEXT(DATA_LOG!$B:$B,"yyyy-MM-dd")=TEXT(DATE($P$3,MONTH(1&$N$3),VALUE(LEFT(F$5,2))),"yyyy-MM-dd")),0)),""))} | G14: {=IF(OR($A11="",G$5=""),"",IFNA(INDEX(DATA_LOG!$D:$D,MATCH(1,(DATA_LOG!$A:$A=$A11)*(TEXT(DATA_LOG!$B:$B,"yyyy-MM-dd")=TEXT(DATE($P$3,MONTH(1&$N$3),VALUE(LEFT(G$5,2))),"yyyy-MM-dd")),0)),""))} | H14: {=IF(OR($A11="",H$5=""),"",IFNA(INDEX(DATA_LOG!$D:$D,MATCH(1,(DATA_LOG!$A:$A=$A11)*(TEXT(DATA_LOG!$B:$B,"yyyy-MM-dd")=TEXT(DATE($P$3,MONTH(1&$N$3),VALUE(LEFT(H$5,2))),"yyyy-MM-dd")),0)),""))} | I14: {=IF(OR($A11="",I$5=""),"",IFNA(INDEX(DATA_LOG!$D:$D,MATCH(1,(DATA_LOG!$A:$A=$A11)*(TEXT(DATA_LOG!$B:$B,"yyyy-MM-dd")=TEXT(DATE($P$3,MONTH(1&$N$3),VALUE(LEFT(I$5,2))),"yyyy-MM-dd")),0)),""))} | ... AF14: {=IF(OR($A11="",AF$5=""),"",IFNA(INDEX(DATA_LOG!$D:$D,MATCH(1,(DATA_LOG!$A:$A=$A11)*(TEXT(DATA_LOG!$B:$B,"yyyy-MM-dd")=TEXT(DATE($P$3,MONTH(1&$N$3),VALUE(LEFT(AF$5,2))),"yyyy-MM-dd")),0)),""))}
A15: =IF($A11="", "", "TOTAL") -> TOTAL | B15: =IF(OR(B13="",B14=""),"",B14-B13) | C15: =IF(OR(C13="",C14=""),"",C14-C13) | D15: =IF(OR(D13="",D14=""),"",D14-D13) | E15: =IF(OR(E13="",E14=""),"",E14-E13) | F15: =IF(OR(F13="",F14=""),"",F14-F13) | G15: =IF(OR(G13="",G14=""),"",G14-G13) | H15: =IF(OR(H13="",H14=""),"",H14-H13) | I15: =IF(OR(I13="",I14=""),"",I14-I13) | ... AF15: =IF(OR(AF13="",AF14=""),"",AF14-AF13)
A16: =IF($A11="", "", "STATUS") -> STATUS | B16: =IFERROR(__xludf.DUMMYFUNCTION("IF($A11="""","""",IF(B$12="""","""",LET(logStatus,IFNA(INDEX(DATA_LOG!$E:$E,MATCH(1,(DATA_LOG!$A:$A=$A11)*(TEXT(DATA_LOG!$B:$B,""yyyy-MM-dd"")=TEXT(DATE($P$3,MONTH(1&$N$3),VALUE(LEFT(B$12,2))),""yyyy-MM-dd"")),0)),""""),selectedDate,DATE($P$3,MONTH(1&$N$3"&"),VALUE(LEFT(B$12,2))),IF(logStatus<>"""",UPPER(logStatus),IF(selectedDate>TODAY(),""-"",IF(REGEXMATCH(B$12,""SUN""),""WO"",IF(B$15<>"""",IF(VALUE(B$15)>=9/24,""FD"",""HD""),""A"")))))))"),"A") -> A | C16: =IFERROR(__xludf.DUMMYFUNCTION("IF($A11="""","""",IF(C$12="""","""",LET(logStatus,IFNA(INDEX(DATA_LOG!$E:$E,MATCH(1,(DATA_LOG!$A:$A=$A11)*(TEXT(DATA_LOG!$B:$B,""yyyy-MM-dd"")=TEXT(DATE($P$3,MONTH(1&$N$3),VALUE(LEFT(C$12,2))),""yyyy-MM-dd"")),0)),""""),selectedDate,DATE($P$3,MONTH(1&$N$3"&"),VALUE(LEFT(C$12,2))),IF(logStatus<>"""",UPPER(logStatus),IF(selectedDate>TODAY(),""-"",IF(REGEXMATCH(C$12,""SUN""),""WO"",IF(C$15<>"""",IF(VALUE(C$15)>=9/24,""FD"",""HD""),""A"")))))))"),"A") -> A | D16: =IFERROR(__xludf.DUMMYFUNCTION("IF($A11="""","""",IF(D$12="""","""",LET(logStatus,IFNA(INDEX(DATA_LOG!$E:$E,MATCH(1,(DATA_LOG!$A:$A=$A11)*(TEXT(DATA_LOG!$B:$B,""yyyy-MM-dd"")=TEXT(DATE($P$3,MONTH(1&$N$3),VALUE(LEFT(D$12,2))),""yyyy-MM-dd"")),0)),""""),selectedDate,DATE($P$3,MONTH(1&$N$3"&"),VALUE(LEFT(D$12,2))),IF(logStatus<>"""",UPPER(logStatus),IF(selectedDate>TODAY(),""-"",IF(REGEXMATCH(D$12,""SUN""),""WO"",IF(D$15<>"""",IF(VALUE(D$15)>=9/24,""FD"",""HD""),""A"")))))))"),"A") -> A | E16: =IFERROR(__xludf.DUMMYFUNCTION("IF($A11="""","""",IF(E$12="""","""",LET(logStatus,IFNA(INDEX(DATA_LOG!$E:$E,MATCH(1,(DATA_LOG!$A:$A=$A11)*(TEXT(DATA_LOG!$B:$B,""yyyy-MM-dd"")=TEXT(DATE($P$3,MONTH(1&$N$3),VALUE(LEFT(E$12,2))),""yyyy-MM-dd"")),0)),""""),selectedDate,DATE($P$3,MONTH(1&$N$3"&"),VALUE(LEFT(E$12,2))),IF(logStatus<>"""",UPPER(logStatus),IF(selectedDate>TODAY(),""-"",IF(REGEXMATCH(E$12,""SUN""),""WO"",IF(E$15<>"""",IF(VALUE(E$15)>=9/24,""FD"",""HD""),""A"")))))))"),"A") -> A | F16: =IFERROR(__xludf.DUMMYFUNCTION("IF($A11="""","""",IF(F$12="""","""",LET(logStatus,IFNA(INDEX(DATA_LOG!$E:$E,MATCH(1,(DATA_LOG!$A:$A=$A11)*(TEXT(DATA_LOG!$B:$B,""yyyy-MM-dd"")=TEXT(DATE($P$3,MONTH(1&$N$3),VALUE(LEFT(F$12,2))),""yyyy-MM-dd"")),0)),""""),selectedDate,DATE($P$3,MONTH(1&$N$3"&"),VALUE(LEFT(F$12,2))),IF(logStatus<>"""",UPPER(logStatus),IF(selectedDate>TODAY(),""-"",IF(REGEXMATCH(F$12,""SUN""),""WO"",IF(F$15<>"""",IF(VALUE(F$15)>=9/24,""FD"",""HD""),""A"")))))))"),"A") -> A | G16: =IFERROR(__xludf.DUMMYFUNCTION("IF($A11="""","""",IF(G$12="""","""",LET(logStatus,IFNA(INDEX(DATA_LOG!$E:$E,MATCH(1,(DATA_LOG!$A:$A=$A11)*(TEXT(DATA_LOG!$B:$B,""yyyy-MM-dd"")=TEXT(DATE($P$3,MONTH(1&$N$3),VALUE(LEFT(G$12,2))),""yyyy-MM-dd"")),0)),""""),selectedDate,DATE($P$3,MONTH(1&$N$3"&"),VALUE(LEFT(G$12,2))),IF(logStatus<>"""",UPPER(logStatus),IF(selectedDate>TODAY(),""-"",IF(REGEXMATCH(G$12,""SUN""),""WO"",IF(G$15<>"""",IF(VALUE(G$15)>=9/24,""FD"",""HD""),""A"")))))))"),"WO") -> WO | H16: =IFERROR(__xludf.DUMMYFUNCTION("IF($A11="""","""",IF(H$12="""","""",LET(logStatus,IFNA(INDEX(DATA_LOG!$E:$E,MATCH(1,(DATA_LOG!$A:$A=$A11)*(TEXT(DATA_LOG!$B:$B,""yyyy-MM-dd"")=TEXT(DATE($P$3,MONTH(1&$N$3),VALUE(LEFT(H$12,2))),""yyyy-MM-dd"")),0)),""""),selectedDate,DATE($P$3,MONTH(1&$N$3"&"),VALUE(LEFT(H$12,2))),IF(logStatus<>"""",UPPER(logStatus),IF(selectedDate>TODAY(),""-"",IF(REGEXMATCH(H$12,""SUN""),""WO"",IF(H$15<>"""",IF(VALUE(H$15)>=9/24,""FD"",""HD""),""A"")))))))"),"A") -> A | I16: =IFERROR(__xludf.DUMMYFUNCTION("IF($A11="""","""",IF(I$12="""","""",LET(logStatus,IFNA(INDEX(DATA_LOG!$E:$E,MATCH(1,(DATA_LOG!$A:$A=$A11)*(TEXT(DATA_LOG!$B:$B,""yyyy-MM-dd"")=TEXT(DATE($P$3,MONTH(1&$N$3),VALUE(LEFT(I$12,2))),""yyyy-MM-dd"")),0)),""""),selectedDate,DATE($P$3,MONTH(1&$N$3"&"),VALUE(LEFT(I$12,2))),IF(logStatus<>"""",UPPER(logStatus),IF(selectedDate>TODAY(),""-"",IF(REGEXMATCH(I$12,""SUN""),""WO"",IF(I$15<>"""",IF(VALUE(I$15)>=9/24,""FD"",""HD""),""A"")))))))"),"A") -> A | J16: =IFERROR(__xludf.DUMMYFUNCTION("IF($A11="""","""",IF(J$12="""","""",LET(logStatus,IFNA(INDEX(DATA_LOG!$E:$E,MATCH(1,(DATA_LOG!$A:$A=$A11)*(TEXT(DATA_LOG!$B:$B,""yyyy-MM-dd"")=TEXT(DATE($P$3,MONTH(1&$N$3),VALUE(LEFT(J$12,2))),""yyyy-MM-dd"")),0)),""""),selectedDate,DATE($P$3,MONTH(1&$N$3"&"),VALUE(LEFT(J$12,2))),IF(logStatus<>"""",UPPER(logStatus),IF(selectedDate>TODAY(),""-"",IF(REGEXMATCH(J$12,""SUN""),""WO"",IF(J$15<>"""",IF(VALUE(J$15)>=9/24,""FD"",""HD""),""A"")))))))"),"A") -> A | K16: =IFERROR(__xludf.DUMMYFUNCTION("IF($A11="""","""",IF(K$12="""","""",LET(logStatus,IFNA(INDEX(DATA_LOG!$E:$E,MATCH(1,(DATA_LOG!$A:$A=$A11)*(TEXT(DATA_LOG!$B:$B,""yyyy-MM-dd"")=TEXT(DATE($P$3,MONTH(1&$N$3),VALUE(LEFT(K$12,2))),""yyyy-MM-dd"")),0)),""""),selectedDate,DATE($P$3,MONTH(1&$N$3"&"),VALUE(LEFT(K$12,2))),IF(logStatus<>"""",UPPER(logStatus),IF(selectedDate>TODAY(),""-"",IF(REGEXMATCH(K$12,""SUN""),""WO"",IF(K$15<>"""",IF(VALUE(K$15)>=9/24,""FD"",""HD""),""A"")))))))"),"A") -> A | L16: =IFERROR(__xludf.DUMMYFUNCTION("IF($A11="""","""",IF(L$12="""","""",LET(logStatus,IFNA(INDEX(DATA_LOG!$E:$E,MATCH(1,(DATA_LOG!$A:$A=$A11)*(TEXT(DATA_LOG!$B:$B,""yyyy-MM-dd"")=TEXT(DATE($P$3,MONTH(1&$N$3),VALUE(LEFT(L$12,2))),""yyyy-MM-dd"")),0)),""""),selectedDate,DATE($P$3,MONTH(1&$N$3"&"),VALUE(LEFT(L$12,2))),IF(logStatus<>"""",UPPER(logStatus),IF(selectedDate>TODAY(),""-"",IF(REGEXMATCH(L$12,""SUN""),""WO"",IF(L$15<>"""",IF(VALUE(L$15)>=9/24,""FD"",""HD""),""A"")))))))"),"A") -> A | M16: =IFERROR(__xludf.DUMMYFUNCTION("IF($A11="""","""",IF(M$12="""","""",LET(logStatus,IFNA(INDEX(DATA_LOG!$E:$E,MATCH(1,(DATA_LOG!$A:$A=$A11)*(TEXT(DATA_LOG!$B:$B,""yyyy-MM-dd"")=TEXT(DATE($P$3,MONTH(1&$N$3),VALUE(LEFT(M$12,2))),""yyyy-MM-dd"")),0)),""""),selectedDate,DATE($P$3,MONTH(1&$N$3"&"),VALUE(LEFT(M$12,2))),IF(logStatus<>"""",UPPER(logStatus),IF(selectedDate>TODAY(),""-"",IF(REGEXMATCH(M$12,""SUN""),""WO"",IF(M$15<>"""",IF(VALUE(M$15)>=9/24,""FD"",""HD""),""A"")))))))"),"-") -> - | N16: =IFERROR(__xludf.DUMMYFUNCTION("IF($A11="""","""",IF(N$12="""","""",LET(logStatus,IFNA(INDEX(DATA_LOG!$E:$E,MATCH(1,(DATA_LOG!$A:$A=$A11)*(TEXT(DATA_LOG!$B:$B,""yyyy-MM-dd"")=TEXT(DATE($P$3,MONTH(1&$N$3),VALUE(LEFT(N$12,2))),""yyyy-MM-dd"")),0)),""""),selectedDate,DATE($P$3,MONTH(1&$N$3"&"),VALUE(LEFT(N$12,2))),IF(logStatus<>"""",UPPER(logStatus),IF(selectedDate>TODAY(),""-"",IF(REGEXMATCH(N$12,""SUN""),""WO"",IF(N$15<>"""",IF(VALUE(N$15)>=9/24,""FD"",""HD""),""A"")))))))"),"-") -> - | O16: =IFERROR(__xludf.DUMMYFUNCTION("IF($A11="""","""",IF(O$12="""","""",LET(logStatus,IFNA(INDEX(DATA_LOG!$E:$E,MATCH(1,(DATA_LOG!$A:$A=$A11)*(TEXT(DATA_LOG!$B:$B,""yyyy-MM-dd"")=TEXT(DATE($P$3,MONTH(1&$N$3),VALUE(LEFT(O$12,2))),""yyyy-MM-dd"")),0)),""""),selectedDate,DATE($P$3,MONTH(1&$N$3"&"),VALUE(LEFT(O$12,2))),IF(logStatus<>"""",UPPER(logStatus),IF(selectedDate>TODAY(),""-"",IF(REGEXMATCH(O$12,""SUN""),""WO"",IF(O$15<>"""",IF(VALUE(O$15)>=9/24,""FD"",""HD""),""A"")))))))"),"-") -> - | P16: =IFERROR(__xludf.DUMMYFUNCTION("IF($A11="""","""",IF(P$12="""","""",LET(logStatus,IFNA(INDEX(DATA_LOG!$E:$E,MATCH(1,(DATA_LOG!$A:$A=$A11)*(TEXT(DATA_LOG!$B:$B,""yyyy-MM-dd"")=TEXT(DATE($P$3,MONTH(1&$N$3),VALUE(LEFT(P$12,2))),""yyyy-MM-dd"")),0)),""""),selectedDate,DATE($P$3,MONTH(1&$N$3"&"),VALUE(LEFT(P$12,2))),IF(logStatus<>"""",UPPER(logStatus),IF(selectedDate>TODAY(),""-"",IF(REGEXMATCH(P$12,""SUN""),""WO"",IF(P$15<>"""",IF(VALUE(P$15)>=9/24,""FD"",""HD""),""A"")))))))"),"-") -> - | Q16: =IFERROR(__xludf.DUMMYFUNCTION("IF($A11="""","""",IF(Q$12="""","""",LET(logStatus,IFNA(INDEX(DATA_LOG!$E:$E,MATCH(1,(DATA_LOG!$A:$A=$A11)*(TEXT(DATA_LOG!$B:$B,""yyyy-MM-dd"")=TEXT(DATE($P$3,MONTH(1&$N$3),VALUE(LEFT(Q$12,2))),""yyyy-MM-dd"")),0)),""""),selectedDate,DATE($P$3,MONTH(1&$N$3"&"),VALUE(LEFT(Q$12,2))),IF(logStatus<>"""",UPPER(logStatus),IF(selectedDate>TODAY(),""-"",IF(REGEXMATCH(Q$12,""SUN""),""WO"",IF(Q$15<>"""",IF(VALUE(Q$15)>=9/24,""FD"",""HD""),""A"")))))))"),"-") -> - | R16: =IFERROR(__xludf.DUMMYFUNCTION("IF($A11="""","""",IF(R$12="""","""",LET(logStatus,IFNA(INDEX(DATA_LOG!$E:$E,MATCH(1,(DATA_LOG!$A:$A=$A11)*(TEXT(DATA_LOG!$B:$B,""yyyy-MM-dd"")=TEXT(DATE($P$3,MONTH(1&$N$3),VALUE(LEFT(R$12,2))),""yyyy-MM-dd"")),0)),""""),selectedDate,DATE($P$3,MONTH(1&$N$3"&"),VALUE(LEFT(R$12,2))),IF(logStatus<>"""",UPPER(logStatus),IF(selectedDate>TODAY(),""-"",IF(REGEXMATCH(R$12,""SUN""),""WO"",IF(R$15<>"""",IF(VALUE(R$15)>=9/24,""FD"",""HD""),""A"")))))))"),"-") -> - | S16: =IFERROR(__xludf.DUMMYFUNCTION("IF($A11="""","""",IF(S$12="""","""",LET(logStatus,IFNA(INDEX(DATA_LOG!$E:$E,MATCH(1,(DATA_LOG!$A:$A=$A11)*(TEXT(DATA_LOG!$B:$B,""yyyy-MM-dd"")=TEXT(DATE($P$3,MONTH(1&$N$3),VALUE(LEFT(S$12,2))),""yyyy-MM-dd"")),0)),""""),selectedDate,DATE($P$3,MONTH(1&$N$3"&"),VALUE(LEFT(S$12,2))),IF(logStatus<>"""",UPPER(logStatus),IF(selectedDate>TODAY(),""-"",IF(REGEXMATCH(S$12,""SUN""),""WO"",IF(S$15<>"""",IF(VALUE(S$15)>=9/24,""FD"",""HD""),""A"")))))))"),"-") -> - | T16: =IFERROR(__xludf.DUMMYFUNCTION("IF($A11="""","""",IF(T$12="""","""",LET(logStatus,IFNA(INDEX(DATA_LOG!$E:$E,MATCH(1,(DATA_LOG!$A:$A=$A11)*(TEXT(DATA_LOG!$B:$B,""yyyy-MM-dd"")=TEXT(DATE($P$3,MONTH(1&$N$3),VALUE(LEFT(T$12,2))),""yyyy-MM-dd"")),0)),""""),selectedDate,DATE($P$3,MONTH(1&$N$3"&"),VALUE(LEFT(T$12,2))),IF(logStatus<>"""",UPPER(logStatus),IF(selectedDate>TODAY(),""-"",IF(REGEXMATCH(T$12,""SUN""),""WO"",IF(T$15<>"""",IF(VALUE(T$15)>=9/24,""FD"",""HD""),""A"")))))))"),"-") -> - | U16: =IFERROR(__xludf.DUMMYFUNCTION("IF($A11="""","""",IF(U$12="""","""",LET(logStatus,IFNA(INDEX(DATA_LOG!$E:$E,MATCH(1,(DATA_LOG!$A:$A=$A11)*(TEXT(DATA_LOG!$B:$B,""yyyy-MM-dd"")=TEXT(DATE($P$3,MONTH(1&$N$3),VALUE(LEFT(U$12,2))),""yyyy-MM-dd"")),0)),""""),selectedDate,DATE($P$3,MONTH(1&$N$3"&"),VALUE(LEFT(U$12,2))),IF(logStatus<>"""",UPPER(logStatus),IF(selectedDate>TODAY(),""-"",IF(REGEXMATCH(U$12,""SUN""),""WO"",IF(U$15<>"""",IF(VALUE(U$15)>=9/24,""FD"",""HD""),""A"")))))))"),"-") -> - | V16: =IFERROR(__xludf.DUMMYFUNCTION("IF($A11="""","""",IF(V$12="""","""",LET(logStatus,IFNA(INDEX(DATA_LOG!$E:$E,MATCH(1,(DATA_LOG!$A:$A=$A11)*(TEXT(DATA_LOG!$B:$B,""yyyy-MM-dd"")=TEXT(DATE($P$3,MONTH(1&$N$3),VALUE(LEFT(V$12,2))),""yyyy-MM-dd"")),0)),""""),selectedDate,DATE($P$3,MONTH(1&$N$3"&"),VALUE(LEFT(V$12,2))),IF(logStatus<>"""",UPPER(logStatus),IF(selectedDate>TODAY(),""-"",IF(REGEXMATCH(V$12,""SUN""),""WO"",IF(V$15<>"""",IF(VALUE(V$15)>=9/24,""FD"",""HD""),""A"")))))))"),"-") -> - | W16: =IFERROR(__xludf.DUMMYFUNCTION("IF($A11="""","""",IF(W$12="""","""",LET(logStatus,IFNA(INDEX(DATA_LOG!$E:$E,MATCH(1,(DATA_LOG!$A:$A=$A11)*(TEXT(DATA_LOG!$B:$B,""yyyy-MM-dd"")=TEXT(DATE($P$3,MONTH(1&$N$3),VALUE(LEFT(W$12,2))),""yyyy-MM-dd"")),0)),""""),selectedDate,DATE($P$3,MONTH(1&$N$3"&"),VALUE(LEFT(W$12,2))),IF(logStatus<>"""",UPPER(logStatus),IF(selectedDate>TODAY(),""-"",IF(REGEXMATCH(W$12,""SUN""),""WO"",IF(W$15<>"""",IF(VALUE(W$15)>=9/24,""FD"",""HD""),""A"")))))))"),"-") -> - | X16: =IFERROR(__xludf.DUMMYFUNCTION("IF($A11="""","""",IF(X$12="""","""",LET(logStatus,IFNA(INDEX(DATA_LOG!$E:$E,MATCH(1,(DATA_LOG!$A:$A=$A11)*(TEXT(DATA_LOG!$B:$B,""yyyy-MM-dd"")=TEXT(DATE($P$3,MONTH(1&$N$3),VALUE(LEFT(X$12,2))),""yyyy-MM-dd"")),0)),""""),selectedDate,DATE($P$3,MONTH(1&$N$3"&"),VALUE(LEFT(X$12,2))),IF(logStatus<>"""",UPPER(logStatus),IF(selectedDate>TODAY(),""-"",IF(REGEXMATCH(X$12,""SUN""),""WO"",IF(X$15<>"""",IF(VALUE(X$15)>=9/24,""FD"",""HD""),""A"")))))))"),"-") -> - | Y16: =IFERROR(__xludf.DUMMYFUNCTION("IF($A11="""","""",IF(Y$12="""","""",LET(logStatus,IFNA(INDEX(DATA_LOG!$E:$E,MATCH(1,(DATA_LOG!$A:$A=$A11)*(TEXT(DATA_LOG!$B:$B,""yyyy-MM-dd"")=TEXT(DATE($P$3,MONTH(1&$N$3),VALUE(LEFT(Y$12,2))),""yyyy-MM-dd"")),0)),""""),selectedDate,DATE($P$3,MONTH(1&$N$3"&"),VALUE(LEFT(Y$12,2))),IF(logStatus<>"""",UPPER(logStatus),IF(selectedDate>TODAY(),""-"",IF(REGEXMATCH(Y$12,""SUN""),""WO"",IF(Y$15<>"""",IF(VALUE(Y$15)>=9/24,""FD"",""HD""),""A"")))))))"),"-") -> - | Z16: =IFERROR(__xludf.DUMMYFUNCTION("IF($A11="""","""",IF(Z$12="""","""",LET(logStatus,IFNA(INDEX(DATA_LOG!$E:$E,MATCH(1,(DATA_LOG!$A:$A=$A11)*(TEXT(DATA_LOG!$B:$B,""yyyy-MM-dd"")=TEXT(DATE($P$3,MONTH(1&$N$3),VALUE(LEFT(Z$12,2))),""yyyy-MM-dd"")),0)),""""),selectedDate,DATE($P$3,MONTH(1&$N$3"&"),VALUE(LEFT(Z$12,2))),IF(logStatus<>"""",UPPER(logStatus),IF(selectedDate>TODAY(),""-"",IF(REGEXMATCH(Z$12,""SUN""),""WO"",IF(Z$15<>"""",IF(VALUE(Z$15)>=9/24,""FD"",""HD""),""A"")))))))"),"-") -> - | AA16: =IFERROR(__xludf.DUMMYFUNCTION("IF($A11="""","""",IF(AA$12="""","""",LET(logStatus,IFNA(INDEX(DATA_LOG!$E:$E,MATCH(1,(DATA_LOG!$A:$A=$A11)*(TEXT(DATA_LOG!$B:$B,""yyyy-MM-dd"")=TEXT(DATE($P$3,MONTH(1&$N$3),VALUE(LEFT(AA$12,2))),""yyyy-MM-dd"")),0)),""""),selectedDate,DATE($P$3,MONTH(1&$N"&"$3),VALUE(LEFT(AA$12,2))),IF(logStatus<>"""",UPPER(logStatus),IF(selectedDate>TODAY(),""-"",IF(REGEXMATCH(AA$12,""SUN""),""WO"",IF(AA$15<>"""",IF(VALUE(AA$15)>=9/24,""FD"",""HD""),""A"")))))))"),"-") -> - | AB16: =IFERROR(__xludf.DUMMYFUNCTION("IF($A11="""","""",IF(AB$12="""","""",LET(logStatus,IFNA(INDEX(DATA_LOG!$E:$E,MATCH(1,(DATA_LOG!$A:$A=$A11)*(TEXT(DATA_LOG!$B:$B,""yyyy-MM-dd"")=TEXT(DATE($P$3,MONTH(1&$N$3),VALUE(LEFT(AB$12,2))),""yyyy-MM-dd"")),0)),""""),selectedDate,DATE($P$3,MONTH(1&$N"&"$3),VALUE(LEFT(AB$12,2))),IF(logStatus<>"""",UPPER(logStatus),IF(selectedDate>TODAY(),""-"",IF(REGEXMATCH(AB$12,""SUN""),""WO"",IF(AB$15<>"""",IF(VALUE(AB$15)>=9/24,""FD"",""HD""),""A"")))))))"),"-") -> - | AC16: =IFERROR(__xludf.DUMMYFUNCTION("IF($A11="""","""",IF(AC$12="""","""",LET(logStatus,IFNA(INDEX(DATA_LOG!$E:$E,MATCH(1,(DATA_LOG!$A:$A=$A11)*(TEXT(DATA_LOG!$B:$B,""yyyy-MM-dd"")=TEXT(DATE($P$3,MONTH(1&$N$3),VALUE(LEFT(AC$12,2))),""yyyy-MM-dd"")),0)),""""),selectedDate,DATE($P$3,MONTH(1&$N"&"$3),VALUE(LEFT(AC$12,2))),IF(logStatus<>"""",UPPER(logStatus),IF(selectedDate>TODAY(),""-"",IF(REGEXMATCH(AC$12,""SUN""),""WO"",IF(AC$15<>"""",IF(VALUE(AC$15)>=9/24,""FD"",""HD""),""A"")))))))"),"-") -> - | AD16: =IFERROR(__xludf.DUMMYFUNCTION("IF($A11="""","""",IF(AD$12="""","""",LET(logStatus,IFNA(INDEX(DATA_LOG!$E:$E,MATCH(1,(DATA_LOG!$A:$A=$A11)*(TEXT(DATA_LOG!$B:$B,""yyyy-MM-dd"")=TEXT(DATE($P$3,MONTH(1&$N$3),VALUE(LEFT(AD$12,2))),""yyyy-MM-dd"")),0)),""""),selectedDate,DATE($P$3,MONTH(1&$N"&"$3),VALUE(LEFT(AD$12,2))),IF(logStatus<>"""",UPPER(logStatus),IF(selectedDate>TODAY(),""-"",IF(REGEXMATCH(AD$12,""SUN""),""WO"",IF(AD$15<>"""",IF(VALUE(AD$15)>=9/24,""FD"",""HD""),""A"")))))))"),"-") -> - | AE16: =IFERROR(__xludf.DUMMYFUNCTION("IF($A11="""","""",IF(AE$12="""","""",LET(logStatus,IFNA(INDEX(DATA_LOG!$E:$E,MATCH(1,(DATA_LOG!$A:$A=$A11)*(TEXT(DATA_LOG!$B:$B,""yyyy-MM-dd"")=TEXT(DATE($P$3,MONTH(1&$N$3),VALUE(LEFT(AE$12,2))),""yyyy-MM-dd"")),0)),""""),selectedDate,DATE($P$3,MONTH(1&$N"&"$3),VALUE(LEFT(AE$12,2))),IF(logStatus<>"""",UPPER(logStatus),IF(selectedDate>TODAY(),""-"",IF(REGEXMATCH(AE$12,""SUN""),""WO"",IF(AE$15<>"""",IF(VALUE(AE$15)>=9/24,""FD"",""HD""),""A"")))))))"),"-") -> - | AF16: =IFERROR(__xludf.DUMMYFUNCTION("IF($A11="""","""",IF(AF$12="""","""",LET(logStatus,IFNA(INDEX(DATA_LOG!$E:$E,MATCH(1,(DATA_LOG!$A:$A=$A11)*(TEXT(DATA_LOG!$B:$B,""yyyy-MM-dd"")=TEXT(DATE($P$3,MONTH(1&$N$3),VALUE(LEFT(AF$12,2))),""yyyy-MM-dd"")),0)),""""),selectedDate,DATE($P$3,MONTH(1&$N"&"$3),VALUE(LEFT(AF$12,2))),IF(logStatus<>"""",UPPER(logStatus),IF(selectedDate>TODAY(),""-"",IF(REGEXMATCH(AF$12,""SUN""),""WO"",IF(AF$15<>"""",IF(VALUE(AF$15)>=9/24,""FD"",""HD""),""A"")))))))"),"")
A18: {=INDEX(EMPLOYEE_LIST!$A:$A,INT((ROW()-4)/7)+2)} -> ARYAN CHANDRAKAR | D18: =IF(A18="", "", IFERROR(VLOOKUP(A18, EMPLOYEE_LIST!$A:$H, 2, FALSE), "")) -> AYV-71 | H18: =IF(A18="", "", IFERROR(VLOOKUP(A18, EMPLOYEE_LIST!$A:$H, 3, FALSE), "")) -> ENGINEERING | L18: =IF(A18="", "", IFERROR(VLOOKUP(A18, EMPLOYEE_LIST!$A:$H, 4, FALSE), "")) -> SITE ENGINEER | P18: =IF($A18="", "", "Full Day: " & COUNTIF(B23:AF23, "FD")) -> Full Day: 0 | S18: =IF($A18="", "", "HALF Day: " & COUNTIF(B23:AF23, "HD")) -> HALF Day: 0 | V18: =IF($A18="", "", "ABSENT: " & COUNTIF(B23:AF23, "A")) -> ABSENT: 10 | Y18: =IF($A18="", "", "WEEK OFF: " & COUNTIF(B23:AF23, "WO")) -> WEEK OFF: 1 | AB18: =IF($A18="", "", "LEAVE: " & COUNTIF(B23:AF23, "L")) -> LEAVE: 0 | AD18: =IF($A18="", "", "HOLIDAY: " & COUNTIF(B23:AF23, "HL")) -> HOLIDAY: 0
A19: =IF($A18="", "", "DATE") -> DATE | B19: {=IF($A18="","",LET(mNum,MONTH(1&$N$3),start,DATE($P$3,mNum,1),days,DAY(EOMONTH(start,0)),MAP(SEQUENCE(1,days,0),LAMBDA(n,UPPER(TEXT(start+n,"dd (ddd)"))))))} -> 01 (TUE) | C19: 02 (WED) | D19: 03 (THU) | E19: 04 (FRI) | F19: 05 (SAT) | G19: 06 (SUN) | H19: 07 (MON) | I19: 08 (TUE) | J19: 09 (WED) | K19: 10 (THU) | L19: 11 (FRI) | M19: 12 (SAT) | N19: 13 (SUN) | O19: 14 (MON) | P19: 15 (TUE) | Q19: 16 (WED) | R19: 17 (THU) | S19: 18 (FRI) | T19: 19 (SAT) | U19: 20 (SUN) | V19: 21 (MON) | W19: 22 (TUE) | X19: 23 (WED) | Y19: 24 (THU) | Z19: 25 (FRI) | AA19: 26 (SAT) | AB19: 27 (SUN) | AC19: 28 (MON) | AD19: 29 (TUE) | AE19: 30 (WED)
A20: =IF($A18="", "", "IN") -> IN | B20: {=IF(OR($A18="",B$5=""),"",IFNA(INDEX(DATA_LOG!$C:$C,MATCH(1,(DATA_LOG!$A:$A=$A18)*(TEXT(DATA_LOG!$B:$B,"yyyy-MM-dd")=TEXT(DATE($P$3,MONTH(1&$N$3),VALUE(LEFT(B$5,2))),"yyyy-MM-dd")),0)),""))} | C20: {=IF(OR($A18="",C$5=""),"",IFNA(INDEX(DATA_LOG!$C:$C,MATCH(1,(DATA_LOG!$A:$A=$A18)*(TEXT(DATA_LOG!$B:$B,"yyyy-MM-dd")=TEXT(DATE($P$3,MONTH(1&$N$3),VALUE(LEFT(C$5,2))),"yyyy-MM-dd")),0)),""))} | D20: {=IF(OR($A18="",D$5=""),"",IFNA(INDEX(DATA_LOG!$C:$C,MATCH(1,(DATA_LOG!$A:$A=$A18)*(TEXT(DATA_LOG!$B:$B,"yyyy-MM-dd")=TEXT(DATE($P$3,MONTH(1&$N$3),VALUE(LEFT(D$5,2))),"yyyy-MM-dd")),0)),""))} | E20: {=IF(OR($A18="",E$5=""),"",IFNA(INDEX(DATA_LOG!$C:$C,MATCH(1,(DATA_LOG!$A:$A=$A18)*(TEXT(DATA_LOG!$B:$B,"yyyy-MM-dd")=TEXT(DATE($P$3,MONTH(1&$N$3),VALUE(LEFT(E$5,2))),"yyyy-MM-dd")),0)),""))} | F20: {=IF(OR($A18="",F$5=""),"",IFNA(INDEX(DATA_LOG!$C:$C,MATCH(1,(DATA_LOG!$A:$A=$A18)*(TEXT(DATA_LOG!$B:$B,"yyyy-MM-dd")=TEXT(DATE($P$3,MONTH(1&$N$3),VALUE(LEFT(F$5,2))),"yyyy-MM-dd")),0)),""))} | G20: {=IF(OR($A18="",G$5=""),"",IFNA(INDEX(DATA_LOG!$C:$C,MATCH(1,(DATA_LOG!$A:$A=$A18)*(TEXT(DATA_LOG!$B:$B,"yyyy-MM-dd")=TEXT(DATE($P$3,MONTH(1&$N$3),VALUE(LEFT(G$5,2))),"yyyy-MM-dd")),0)),""))} | H20: {=IF(OR($A18="",H$5=""),"",IFNA(INDEX(DATA_LOG!$C:$C,MATCH(1,(DATA_LOG!$A:$A=$A18)*(TEXT(DATA_LOG!$B:$B,"yyyy-MM-dd")=TEXT(DATE($P$3,MONTH(1&$N$3),VALUE(LEFT(H$5,2))),"yyyy-MM-dd")),0)),""))} | I20: {=IF(OR($A18="",I$5=""),"",IFNA(INDEX(DATA_LOG!$C:$C,MATCH(1,(DATA_LOG!$A:$A=$A18)*(TEXT(DATA_LOG!$B:$B,"yyyy-MM-dd")=TEXT(DATE($P$3,MONTH(1&$N$3),VALUE(LEFT(I$5,2))),"yyyy-MM-dd")),0)),""))} | ... AF20: {=IF(OR($A18="",AF$5=""),"",IFNA(INDEX(DATA_LOG!$C:$C,MATCH(1,(DATA_LOG!$A:$A=$A18)*(TEXT(DATA_LOG!$B:$B,"yyyy-MM-dd")=TEXT(DATE($P$3,MONTH(1&$N$3),VALUE(LEFT(AF$5,2))),"yyyy-MM-dd")),0)),""))}
A21: =IF($A18="", "", "OUT") -> OUT | B21: {=IF(OR($A18="",B$5=""),"",IFNA(INDEX(DATA_LOG!$D:$D,MATCH(1,(DATA_LOG!$A:$A=$A18)*(TEXT(DATA_LOG!$B:$B,"yyyy-MM-dd")=TEXT(DATE($P$3,MONTH(1&$N$3),VALUE(LEFT(B$5,2))),"yyyy-MM-dd")),0)),""))} | C21: {=IF(OR($A18="",C$5=""),"",IFNA(INDEX(DATA_LOG!$D:$D,MATCH(1,(DATA_LOG!$A:$A=$A18)*(TEXT(DATA_LOG!$B:$B,"yyyy-MM-dd")=TEXT(DATE($P$3,MONTH(1&$N$3),VALUE(LEFT(C$5,2))),"yyyy-MM-dd")),0)),""))} | D21: {=IF(OR($A18="",D$5=""),"",IFNA(INDEX(DATA_LOG!$D:$D,MATCH(1,(DATA_LOG!$A:$A=$A18)*(TEXT(DATA_LOG!$B:$B,"yyyy-MM-dd")=TEXT(DATE($P$3,MONTH(1&$N$3),VALUE(LEFT(D$5,2))),"yyyy-MM-dd")),0)),""))} | E21: {=IF(OR($A18="",E$5=""),"",IFNA(INDEX(DATA_LOG!$D:$D,MATCH(1,(DATA_LOG!$A:$A=$A18)*(TEXT(DATA_LOG!$B:$B,"yyyy-MM-dd")=TEXT(DATE($P$3,MONTH(1&$N$3),VALUE(LEFT(E$5,2))),"yyyy-MM-dd")),0)),""))} | F21: {=IF(OR($A18="",F$5=""),"",IFNA(INDEX(DATA_LOG!$D:$D,MATCH(1,(DATA_LOG!$A:$A=$A18)*(TEXT(DATA_LOG!$B:$B,"yyyy-MM-dd")=TEXT(DATE($P$3,MONTH(1&$N$3),VALUE(LEFT(F$5,2))),"yyyy-MM-dd")),0)),""))} | G21: {=IF(OR($A18="",G$5=""),"",IFNA(INDEX(DATA_LOG!$D:$D,MATCH(1,(DATA_LOG!$A:$A=$A18)*(TEXT(DATA_LOG!$B:$B,"yyyy-MM-dd")=TEXT(DATE($P$3,MONTH(1&$N$3),VALUE(LEFT(G$5,2))),"yyyy-MM-dd")),0)),""))} | H21: {=IF(OR($A18="",H$5=""),"",IFNA(INDEX(DATA_LOG!$D:$D,MATCH(1,(DATA_LOG!$A:$A=$A18)*(TEXT(DATA_LOG!$B:$B,"yyyy-MM-dd")=TEXT(DATE($P$3,MONTH(1&$N$3),VALUE(LEFT(H$5,2))),"yyyy-MM-dd")),0)),""))} | I21: {=IF(OR($A18="",I$5=""),"",IFNA(INDEX(DATA_LOG!$D:$D,MATCH(1,(DATA_LOG!$A:$A=$A18)*(TEXT(DATA_LOG!$B:$B,"yyyy-MM-dd")=TEXT(DATE($P$3,MONTH(1&$N$3),VALUE(LEFT(I$5,2))),"yyyy-MM-dd")),0)),""))} | ... AF21: {=IF(OR($A18="",AF$5=""),"",IFNA(INDEX(DATA_LOG!$D:$D,MATCH(1,(DATA_LOG!$A:$A=$A18)*(TEXT(DATA_LOG!$B:$B,"yyyy-MM-dd")=TEXT(DATE($P$3,MONTH(1&$N$3),VALUE(LEFT(AF$5,2))),"yyyy-MM-dd")),0)),""))}
A22: =IF($A18="", "", "TOTAL") -> TOTAL | B22: =IF(OR(B20="",B21=""),"",B21-B20) | C22: =IF(OR(C20="",C21=""),"",C21-C20) | D22: =IF(OR(D20="",D21=""),"",D21-D20) | E22: =IF(OR(E20="",E21=""),"",E21-E20) | F22: =IF(OR(F20="",F21=""),"",F21-F20) | G22: =IF(OR(G20="",G21=""),"",G21-G20) | H22: =IF(OR(H20="",H21=""),"",H21-H20) | I22: =IF(OR(I20="",I21=""),"",I21-I20) | ... AF22: =IF(OR(AF20="",AF21=""),"",AF21-AF20)
A23: =IF($A18="", "", "STATUS") -> STATUS | B23: =IFERROR(__xludf.DUMMYFUNCTION("IF($A18="""","""",IF(B$19="""","""",LET(logStatus,IFNA(INDEX(DATA_LOG!$E:$E,MATCH(1,(DATA_LOG!$A:$A=$A18)*(TEXT(DATA_LOG!$B:$B,""yyyy-MM-dd"")=TEXT(DATE($P$3,MONTH(1&$N$3),VALUE(LEFT(B$19,2))),""yyyy-MM-dd"")),0)),""""),selectedDate,DATE($P$3,MONTH(1&$N$3"&"),VALUE(LEFT(B$19,2))),IF(logStatus<>"""",UPPER(logStatus),IF(selectedDate>TODAY(),""-"",IF(REGEXMATCH(B$19,""SUN""),""WO"",IF(B$22<>"""",IF(VALUE(B$22)>=9/24,""FD"",""HD""),""A"")))))))"),"A") -> A | C23: =IFERROR(__xludf.DUMMYFUNCTION("IF($A18="""","""",IF(C$19="""","""",LET(logStatus,IFNA(INDEX(DATA_LOG!$E:$E,MATCH(1,(DATA_LOG!$A:$A=$A18)*(TEXT(DATA_LOG!$B:$B,""yyyy-MM-dd"")=TEXT(DATE($P$3,MONTH(1&$N$3),VALUE(LEFT(C$19,2))),""yyyy-MM-dd"")),0)),""""),selectedDate,DATE($P$3,MONTH(1&$N$3"&"),VALUE(LEFT(C$19,2))),IF(logStatus<>"""",UPPER(logStatus),IF(selectedDate>TODAY(),""-"",IF(REGEXMATCH(C$19,""SUN""),""WO"",IF(C$22<>"""",IF(VALUE(C$22)>=9/24,""FD"",""HD""),""A"")))))))"),"A") -> A | D23: =IFERROR(__xludf.DUMMYFUNCTION("IF($A18="""","""",IF(D$19="""","""",LET(logStatus,IFNA(INDEX(DATA_LOG!$E:$E,MATCH(1,(DATA_LOG!$A:$A=$A18)*(TEXT(DATA_LOG!$B:$B,""yyyy-MM-dd"")=TEXT(DATE($P$3,MONTH(1&$N$3),VALUE(LEFT(D$19,2))),""yyyy-MM-dd"")),0)),""""),selectedDate,DATE($P$3,MONTH(1&$N$3"&"),VALUE(LEFT(D$19,2))),IF(logStatus<>"""",UPPER(logStatus),IF(selectedDate>TODAY(),""-"",IF(REGEXMATCH(D$19,""SUN""),""WO"",IF(D$22<>"""",IF(VALUE(D$22)>=9/24,""FD"",""HD""),""A"")))))))"),"A") -> A | E23: =IFERROR(__xludf.DUMMYFUNCTION("IF($A18="""","""",IF(E$19="""","""",LET(logStatus,IFNA(INDEX(DATA_LOG!$E:$E,MATCH(1,(DATA_LOG!$A:$A=$A18)*(TEXT(DATA_LOG!$B:$B,""yyyy-MM-dd"")=TEXT(DATE($P$3,MONTH(1&$N$3),VALUE(LEFT(E$19,2))),""yyyy-MM-dd"")),0)),""""),selectedDate,DATE($P$3,MONTH(1&$N$3"&"),VALUE(LEFT(E$19,2))),IF(logStatus<>"""",UPPER(logStatus),IF(selectedDate>TODAY(),""-"",IF(REGEXMATCH(E$19,""SUN""),""WO"",IF(E$22<>"""",IF(VALUE(E$22)>=9/24,""FD"",""HD""),""A"")))))))"),"A") -> A | F23: =IFERROR(__xludf.DUMMYFUNCTION("IF($A18="""","""",IF(F$19="""","""",LET(logStatus,IFNA(INDEX(DATA_LOG!$E:$E,MATCH(1,(DATA_LOG!$A:$A=$A18)*(TEXT(DATA_LOG!$B:$B,""yyyy-MM-dd"")=TEXT(DATE($P$3,MONTH(1&$N$3),VALUE(LEFT(F$19,2))),""yyyy-MM-dd"")),0)),""""),selectedDate,DATE($P$3,MONTH(1&$N$3"&"),VALUE(LEFT(F$19,2))),IF(logStatus<>"""",UPPER(logStatus),IF(selectedDate>TODAY(),""-"",IF(REGEXMATCH(F$19,""SUN""),""WO"",IF(F$22<>"""",IF(VALUE(F$22)>=9/24,""FD"",""HD""),""A"")))))))"),"A") -> A | G23: =IFERROR(__xludf.DUMMYFUNCTION("IF($A18="""","""",IF(G$19="""","""",LET(logStatus,IFNA(INDEX(DATA_LOG!$E:$E,MATCH(1,(DATA_LOG!$A:$A=$A18)*(TEXT(DATA_LOG!$B:$B,""yyyy-MM-dd"")=TEXT(DATE($P$3,MONTH(1&$N$3),VALUE(LEFT(G$19,2))),""yyyy-MM-dd"")),0)),""""),selectedDate,DATE($P$3,MONTH(1&$N$3"&"),VALUE(LEFT(G$19,2))),IF(logStatus<>"""",UPPER(logStatus),IF(selectedDate>TODAY(),""-"",IF(REGEXMATCH(G$19,""SUN""),""WO"",IF(G$22<>"""",IF(VALUE(G$22)>=9/24,""FD"",""HD""),""A"")))))))"),"WO") -> WO | H23: =IFERROR(__xludf.DUMMYFUNCTION("IF($A18="""","""",IF(H$19="""","""",LET(logStatus,IFNA(INDEX(DATA_LOG!$E:$E,MATCH(1,(DATA_LOG!$A:$A=$A18)*(TEXT(DATA_LOG!$B:$B,""yyyy-MM-dd"")=TEXT(DATE($P$3,MONTH(1&$N$3),VALUE(LEFT(H$19,2))),""yyyy-MM-dd"")),0)),""""),selectedDate,DATE($P$3,MONTH(1&$N$3"&"),VALUE(LEFT(H$19,2))),IF(logStatus<>"""",UPPER(logStatus),IF(selectedDate>TODAY(),""-"",IF(REGEXMATCH(H$19,""SUN""),""WO"",IF(H$22<>"""",IF(VALUE(H$22)>=9/24,""FD"",""HD""),""A"")))))))"),"A") -> A | I23: =IFERROR(__xludf.DUMMYFUNCTION("IF($A18="""","""",IF(I$19="""","""",LET(logStatus,IFNA(INDEX(DATA_LOG!$E:$E,MATCH(1,(DATA_LOG!$A:$A=$A18)*(TEXT(DATA_LOG!$B:$B,""yyyy-MM-dd"")=TEXT(DATE($P$3,MONTH(1&$N$3),VALUE(LEFT(I$19,2))),""yyyy-MM-dd"")),0)),""""),selectedDate,DATE($P$3,MONTH(1&$N$3"&"),VALUE(LEFT(I$19,2))),IF(logStatus<>"""",UPPER(logStatus),IF(selectedDate>TODAY(),""-"",IF(REGEXMATCH(I$19,""SUN""),""WO"",IF(I$22<>"""",IF(VALUE(I$22)>=9/24,""FD"",""HD""),""A"")))))))"),"A") -> A | J23: =IFERROR(__xludf.DUMMYFUNCTION("IF($A18="""","""",IF(J$19="""","""",LET(logStatus,IFNA(INDEX(DATA_LOG!$E:$E,MATCH(1,(DATA_LOG!$A:$A=$A18)*(TEXT(DATA_LOG!$B:$B,""yyyy-MM-dd"")=TEXT(DATE($P$3,MONTH(1&$N$3),VALUE(LEFT(J$19,2))),""yyyy-MM-dd"")),0)),""""),selectedDate,DATE($P$3,MONTH(1&$N$3"&"),VALUE(LEFT(J$19,2))),IF(logStatus<>"""",UPPER(logStatus),IF(selectedDate>TODAY(),""-"",IF(REGEXMATCH(J$19,""SUN""),""WO"",IF(J$22<>"""",IF(VALUE(J$22)>=9/24,""FD"",""HD""),""A"")))))))"),"A") -> A | K23: =IFERROR(__xludf.DUMMYFUNCTION("IF($A18="""","""",IF(K$19="""","""",LET(logStatus,IFNA(INDEX(DATA_LOG!$E:$E,MATCH(1,(DATA_LOG!$A:$A=$A18)*(TEXT(DATA_LOG!$B:$B,""yyyy-MM-dd"")=TEXT(DATE($P$3,MONTH(1&$N$3),VALUE(LEFT(K$19,2))),""yyyy-MM-dd"")),0)),""""),selectedDate,DATE($P$3,MONTH(1&$N$3"&"),VALUE(LEFT(K$19,2))),IF(logStatus<>"""",UPPER(logStatus),IF(selectedDate>TODAY(),""-"",IF(REGEXMATCH(K$19,""SUN""),""WO"",IF(K$22<>"""",IF(VALUE(K$22)>=9/24,""FD"",""HD""),""A"")))))))"),"A") -> A | L23: =IFERROR(__xludf.DUMMYFUNCTION("IF($A18="""","""",IF(L$19="""","""",LET(logStatus,IFNA(INDEX(DATA_LOG!$E:$E,MATCH(1,(DATA_LOG!$A:$A=$A18)*(TEXT(DATA_LOG!$B:$B,""yyyy-MM-dd"")=TEXT(DATE($P$3,MONTH(1&$N$3),VALUE(LEFT(L$19,2))),""yyyy-MM-dd"")),0)),""""),selectedDate,DATE($P$3,MONTH(1&$N$3"&"),VALUE(LEFT(L$19,2))),IF(logStatus<>"""",UPPER(logStatus),IF(selectedDate>TODAY(),""-"",IF(REGEXMATCH(L$19,""SUN""),""WO"",IF(L$22<>"""",IF(VALUE(L$22)>=9/24,""FD"",""HD""),""A"")))))))"),"A") -> A | M23: =IFERROR(__xludf.DUMMYFUNCTION("IF($A18="""","""",IF(M$19="""","""",LET(logStatus,IFNA(INDEX(DATA_LOG!$E:$E,MATCH(1,(DATA_LOG!$A:$A=$A18)*(TEXT(DATA_LOG!$B:$B,""yyyy-MM-dd"")=TEXT(DATE($P$3,MONTH(1&$N$3),VALUE(LEFT(M$19,2))),""yyyy-MM-dd"")),0)),""""),selectedDate,DATE($P$3,MONTH(1&$N$3"&"),VALUE(LEFT(M$19,2))),IF(logStatus<>"""",UPPER(logStatus),IF(selectedDate>TODAY(),""-"",IF(REGEXMATCH(M$19,""SUN""),""WO"",IF(M$22<>"""",IF(VALUE(M$22)>=9/24,""FD"",""HD""),""A"")))))))"),"-") -> - | N23: =IFERROR(__xludf.DUMMYFUNCTION("IF($A18="""","""",IF(N$19="""","""",LET(logStatus,IFNA(INDEX(DATA_LOG!$E:$E,MATCH(1,(DATA_LOG!$A:$A=$A18)*(TEXT(DATA_LOG!$B:$B,""yyyy-MM-dd"")=TEXT(DATE($P$3,MONTH(1&$N$3),VALUE(LEFT(N$19,2))),""yyyy-MM-dd"")),0)),""""),selectedDate,DATE($P$3,MONTH(1&$N$3"&"),VALUE(LEFT(N$19,2))),IF(logStatus<>"""",UPPER(logStatus),IF(selectedDate>TODAY(),""-"",IF(REGEXMATCH(N$19,""SUN""),""WO"",IF(N$22<>"""",IF(VALUE(N$22)>=9/24,""FD"",""HD""),""A"")))))))"),"-") -> - | O23: =IFERROR(__xludf.DUMMYFUNCTION("IF($A18="""","""",IF(O$19="""","""",LET(logStatus,IFNA(INDEX(DATA_LOG!$E:$E,MATCH(1,(DATA_LOG!$A:$A=$A18)*(TEXT(DATA_LOG!$B:$B,""yyyy-MM-dd"")=TEXT(DATE($P$3,MONTH(1&$N$3),VALUE(LEFT(O$19,2))),""yyyy-MM-dd"")),0)),""""),selectedDate,DATE($P$3,MONTH(1&$N$3"&"),VALUE(LEFT(O$19,2))),IF(logStatus<>"""",UPPER(logStatus),IF(selectedDate>TODAY(),""-"",IF(REGEXMATCH(O$19,""SUN""),""WO"",IF(O$22<>"""",IF(VALUE(O$22)>=9/24,""FD"",""HD""),""A"")))))))"),"-") -> - | P23: =IFERROR(__xludf.DUMMYFUNCTION("IF($A18="""","""",IF(P$19="""","""",LET(logStatus,IFNA(INDEX(DATA_LOG!$E:$E,MATCH(1,(DATA_LOG!$A:$A=$A18)*(TEXT(DATA_LOG!$B:$B,""yyyy-MM-dd"")=TEXT(DATE($P$3,MONTH(1&$N$3),VALUE(LEFT(P$19,2))),""yyyy-MM-dd"")),0)),""""),selectedDate,DATE($P$3,MONTH(1&$N$3"&"),VALUE(LEFT(P$19,2))),IF(logStatus<>"""",UPPER(logStatus),IF(selectedDate>TODAY(),""-"",IF(REGEXMATCH(P$19,""SUN""),""WO"",IF(P$22<>"""",IF(VALUE(P$22)>=9/24,""FD"",""HD""),""A"")))))))"),"-") -> - | Q23: =IFERROR(__xludf.DUMMYFUNCTION("IF($A18="""","""",IF(Q$19="""","""",LET(logStatus,IFNA(INDEX(DATA_LOG!$E:$E,MATCH(1,(DATA_LOG!$A:$A=$A18)*(TEXT(DATA_LOG!$B:$B,""yyyy-MM-dd"")=TEXT(DATE($P$3,MONTH(1&$N$3),VALUE(LEFT(Q$19,2))),""yyyy-MM-dd"")),0)),""""),selectedDate,DATE($P$3,MONTH(1&$N$3"&"),VALUE(LEFT(Q$19,2))),IF(logStatus<>"""",UPPER(logStatus),IF(selectedDate>TODAY(),""-"",IF(REGEXMATCH(Q$19,""SUN""),""WO"",IF(Q$22<>"""",IF(VALUE(Q$22)>=9/24,""FD"",""HD""),""A"")))))))"),"-") -> - | R23: =IFERROR(__xludf.DUMMYFUNCTION("IF($A18="""","""",IF(R$19="""","""",LET(logStatus,IFNA(INDEX(DATA_LOG!$E:$E,MATCH(1,(DATA_LOG!$A:$A=$A18)*(TEXT(DATA_LOG!$B:$B,""yyyy-MM-dd"")=TEXT(DATE($P$3,MONTH(1&$N$3),VALUE(LEFT(R$19,2))),""yyyy-MM-dd"")),0)),""""),selectedDate,DATE($P$3,MONTH(1&$N$3"&"),VALUE(LEFT(R$19,2))),IF(logStatus<>"""",UPPER(logStatus),IF(selectedDate>TODAY(),""-"",IF(REGEXMATCH(R$19,""SUN""),""WO"",IF(R$22<>"""",IF(VALUE(R$22)>=9/24,""FD"",""HD""),""A"")))))))"),"-") -> - | S23: =IFERROR(__xludf.DUMMYFUNCTION("IF($A18="""","""",IF(S$19="""","""",LET(logStatus,IFNA(INDEX(DATA_LOG!$E:$E,MATCH(1,(DATA_LOG!$A:$A=$A18)*(TEXT(DATA_LOG!$B:$B,""yyyy-MM-dd"")=TEXT(DATE($P$3,MONTH(1&$N$3),VALUE(LEFT(S$19,2))),""yyyy-MM-dd"")),0)),""""),selectedDate,DATE($P$3,MONTH(1&$N$3"&"),VALUE(LEFT(S$19,2))),IF(logStatus<>"""",UPPER(logStatus),IF(selectedDate>TODAY(),""-"",IF(REGEXMATCH(S$19,""SUN""),""WO"",IF(S$22<>"""",IF(VALUE(S$22)>=9/24,""FD"",""HD""),""A"")))))))"),"-") -> - | T23: =IFERROR(__xludf.DUMMYFUNCTION("IF($A18="""","""",IF(T$19="""","""",LET(logStatus,IFNA(INDEX(DATA_LOG!$E:$E,MATCH(1,(DATA_LOG!$A:$A=$A18)*(TEXT(DATA_LOG!$B:$B,""yyyy-MM-dd"")=TEXT(DATE($P$3,MONTH(1&$N$3),VALUE(LEFT(T$19,2))),""yyyy-MM-dd"")),0)),""""),selectedDate,DATE($P$3,MONTH(1&$N$3"&"),VALUE(LEFT(T$19,2))),IF(logStatus<>"""",UPPER(logStatus),IF(selectedDate>TODAY(),""-"",IF(REGEXMATCH(T$19,""SUN""),""WO"",IF(T$22<>"""",IF(VALUE(T$22)>=9/24,""FD"",""HD""),""A"")))))))"),"-") -> - | U23: =IFERROR(__xludf.DUMMYFUNCTION("IF($A18="""","""",IF(U$19="""","""",LET(logStatus,IFNA(INDEX(DATA_LOG!$E:$E,MATCH(1,(DATA_LOG!$A:$A=$A18)*(TEXT(DATA_LOG!$B:$B,""yyyy-MM-dd"")=TEXT(DATE($P$3,MONTH(1&$N$3),VALUE(LEFT(U$19,2))),""yyyy-MM-dd"")),0)),""""),selectedDate,DATE($P$3,MONTH(1&$N$3"&"),VALUE(LEFT(U$19,2))),IF(logStatus<>"""",UPPER(logStatus),IF(selectedDate>TODAY(),""-"",IF(REGEXMATCH(U$19,""SUN""),""WO"",IF(U$22<>"""",IF(VALUE(U$22)>=9/24,""FD"",""HD""),""A"")))))))"),"-") -> - | V23: =IFERROR(__xludf.DUMMYFUNCTION("IF($A18="""","""",IF(V$19="""","""",LET(logStatus,IFNA(INDEX(DATA_LOG!$E:$E,MATCH(1,(DATA_LOG!$A:$A=$A18)*(TEXT(DATA_LOG!$B:$B,""yyyy-MM-dd"")=TEXT(DATE($P$3,MONTH(1&$N$3),VALUE(LEFT(V$19,2))),""yyyy-MM-dd"")),0)),""""),selectedDate,DATE($P$3,MONTH(1&$N$3"&"),VALUE(LEFT(V$19,2))),IF(logStatus<>"""",UPPER(logStatus),IF(selectedDate>TODAY(),""-"",IF(REGEXMATCH(V$19,""SUN""),""WO"",IF(V$22<>"""",IF(VALUE(V$22)>=9/24,""FD"",""HD""),""A"")))))))"),"-") -> - | W23: =IFERROR(__xludf.DUMMYFUNCTION("IF($A18="""","""",IF(W$19="""","""",LET(logStatus,IFNA(INDEX(DATA_LOG!$E:$E,MATCH(1,(DATA_LOG!$A:$A=$A18)*(TEXT(DATA_LOG!$B:$B,""yyyy-MM-dd"")=TEXT(DATE($P$3,MONTH(1&$N$3),VALUE(LEFT(W$19,2))),""yyyy-MM-dd"")),0)),""""),selectedDate,DATE($P$3,MONTH(1&$N$3"&"),VALUE(LEFT(W$19,2))),IF(logStatus<>"""",UPPER(logStatus),IF(selectedDate>TODAY(),""-"",IF(REGEXMATCH(W$19,""SUN""),""WO"",IF(W$22<>"""",IF(VALUE(W$22)>=9/24,""FD"",""HD""),""A"")))))))"),"-") -> - | X23: =IFERROR(__xludf.DUMMYFUNCTION("IF($A18="""","""",IF(X$19="""","""",LET(logStatus,IFNA(INDEX(DATA_LOG!$E:$E,MATCH(1,(DATA_LOG!$A:$A=$A18)*(TEXT(DATA_LOG!$B:$B,""yyyy-MM-dd"")=TEXT(DATE($P$3,MONTH(1&$N$3),VALUE(LEFT(X$19,2))),""yyyy-MM-dd"")),0)),""""),selectedDate,DATE($P$3,MONTH(1&$N$3"&"),VALUE(LEFT(X$19,2))),IF(logStatus<>"""",UPPER(logStatus),IF(selectedDate>TODAY(),""-"",IF(REGEXMATCH(X$19,""SUN""),""WO"",IF(X$22<>"""",IF(VALUE(X$22)>=9/24,""FD"",""HD""),""A"")))))))"),"-") -> - | Y23: =IFERROR(__xludf.DUMMYFUNCTION("IF($A18="""","""",IF(Y$19="""","""",LET(logStatus,IFNA(INDEX(DATA_LOG!$E:$E,MATCH(1,(DATA_LOG!$A:$A=$A18)*(TEXT(DATA_LOG!$B:$B,""yyyy-MM-dd"")=TEXT(DATE($P$3,MONTH(1&$N$3),VALUE(LEFT(Y$19,2))),""yyyy-MM-dd"")),0)),""""),selectedDate,DATE($P$3,MONTH(1&$N$3"&"),VALUE(LEFT(Y$19,2))),IF(logStatus<>"""",UPPER(logStatus),IF(selectedDate>TODAY(),""-"",IF(REGEXMATCH(Y$19,""SUN""),""WO"",IF(Y$22<>"""",IF(VALUE(Y$22)>=9/24,""FD"",""HD""),""A"")))))))"),"-") -> - | Z23: =IFERROR(__xludf.DUMMYFUNCTION("IF($A18="""","""",IF(Z$19="""","""",LET(logStatus,IFNA(INDEX(DATA_LOG!$E:$E,MATCH(1,(DATA_LOG!$A:$A=$A18)*(TEXT(DATA_LOG!$B:$B,""yyyy-MM-dd"")=TEXT(DATE($P$3,MONTH(1&$N$3),VALUE(LEFT(Z$19,2))),""yyyy-MM-dd"")),0)),""""),selectedDate,DATE($P$3,MONTH(1&$N$3"&"),VALUE(LEFT(Z$19,2))),IF(logStatus<>"""",UPPER(logStatus),IF(selectedDate>TODAY(),""-"",IF(REGEXMATCH(Z$19,""SUN""),""WO"",IF(Z$22<>"""",IF(VALUE(Z$22)>=9/24,""FD"",""HD""),""A"")))))))"),"-") -> - | AA23: =IFERROR(__xludf.DUMMYFUNCTION("IF($A18="""","""",IF(AA$19="""","""",LET(logStatus,IFNA(INDEX(DATA_LOG!$E:$E,MATCH(1,(DATA_LOG!$A:$A=$A18)*(TEXT(DATA_LOG!$B:$B,""yyyy-MM-dd"")=TEXT(DATE($P$3,MONTH(1&$N$3),VALUE(LEFT(AA$19,2))),""yyyy-MM-dd"")),0)),""""),selectedDate,DATE($P$3,MONTH(1&$N"&"$3),VALUE(LEFT(AA$19,2))),IF(logStatus<>"""",UPPER(logStatus),IF(selectedDate>TODAY(),""-"",IF(REGEXMATCH(AA$19,""SUN""),""WO"",IF(AA$22<>"""",IF(VALUE(AA$22)>=9/24,""FD"",""HD""),""A"")))))))"),"-") -> - | AB23: =IFERROR(__xludf.DUMMYFUNCTION("IF($A18="""","""",IF(AB$19="""","""",LET(logStatus,IFNA(INDEX(DATA_LOG!$E:$E,MATCH(1,(DATA_LOG!$A:$A=$A18)*(TEXT(DATA_LOG!$B:$B,""yyyy-MM-dd"")=TEXT(DATE($P$3,MONTH(1&$N$3),VALUE(LEFT(AB$19,2))),""yyyy-MM-dd"")),0)),""""),selectedDate,DATE($P$3,MONTH(1&$N"&"$3),VALUE(LEFT(AB$19,2))),IF(logStatus<>"""",UPPER(logStatus),IF(selectedDate>TODAY(),""-"",IF(REGEXMATCH(AB$19,""SUN""),""WO"",IF(AB$22<>"""",IF(VALUE(AB$22)>=9/24,""FD"",""HD""),""A"")))))))"),"-") -> - | AC23: =IFERROR(__xludf.DUMMYFUNCTION("IF($A18="""","""",IF(AC$19="""","""",LET(logStatus,IFNA(INDEX(DATA_LOG!$E:$E,MATCH(1,(DATA_LOG!$A:$A=$A18)*(TEXT(DATA_LOG!$B:$B,""yyyy-MM-dd"")=TEXT(DATE($P$3,MONTH(1&$N$3),VALUE(LEFT(AC$19,2))),""yyyy-MM-dd"")),0)),""""),selectedDate,DATE($P$3,MONTH(1&$N"&"$3),VALUE(LEFT(AC$19,2))),IF(logStatus<>"""",UPPER(logStatus),IF(selectedDate>TODAY(),""-"",IF(REGEXMATCH(AC$19,""SUN""),""WO"",IF(AC$22<>"""",IF(VALUE(AC$22)>=9/24,""FD"",""HD""),""A"")))))))"),"-") -> - | AD23: =IFERROR(__xludf.DUMMYFUNCTION("IF($A18="""","""",IF(AD$19="""","""",LET(logStatus,IFNA(INDEX(DATA_LOG!$E:$E,MATCH(1,(DATA_LOG!$A:$A=$A18)*(TEXT(DATA_LOG!$B:$B,""yyyy-MM-dd"")=TEXT(DATE($P$3,MONTH(1&$N$3),VALUE(LEFT(AD$19,2))),""yyyy-MM-dd"")),0)),""""),selectedDate,DATE($P$3,MONTH(1&$N"&"$3),VALUE(LEFT(AD$19,2))),IF(logStatus<>"""",UPPER(logStatus),IF(selectedDate>TODAY(),""-"",IF(REGEXMATCH(AD$19,""SUN""),""WO"",IF(AD$22<>"""",IF(VALUE(AD$22)>=9/24,""FD"",""HD""),""A"")))))))"),"-") -> - | AE23: =IFERROR(__xludf.DUMMYFUNCTION("IF($A18="""","""",IF(AE$19="""","""",LET(logStatus,IFNA(INDEX(DATA_LOG!$E:$E,MATCH(1,(DATA_LOG!$A:$A=$A18)*(TEXT(DATA_LOG!$B:$B,""yyyy-MM-dd"")=TEXT(DATE($P$3,MONTH(1&$N$3),VALUE(LEFT(AE$19,2))),""yyyy-MM-dd"")),0)),""""),selectedDate,DATE($P$3,MONTH(1&$N"&"$3),VALUE(LEFT(AE$19,2))),IF(logStatus<>"""",UPPER(logStatus),IF(selectedDate>TODAY(),""-"",IF(REGEXMATCH(AE$19,""SUN""),""WO"",IF(AE$22<>"""",IF(VALUE(AE$22)>=9/24,""FD"",""HD""),""A"")))))))"),"-") -> - | AF23: =IFERROR(__xludf.DUMMYFUNCTION("IF($A18="""","""",IF(AF$19="""","""",LET(logStatus,IFNA(INDEX(DATA_LOG!$E:$E,MATCH(1,(DATA_LOG!$A:$A=$A18)*(TEXT(DATA_LOG!$B:$B,""yyyy-MM-dd"")=TEXT(DATE($P$3,MONTH(1&$N$3),VALUE(LEFT(AF$19,2))),""yyyy-MM-dd"")),0)),""""),selectedDate,DATE($P$3,MONTH(1&$N"&"$3),VALUE(LEFT(AF$19,2))),IF(logStatus<>"""",UPPER(logStatus),IF(selectedDate>TODAY(),""-"",IF(REGEXMATCH(AF$19,""SUN""),""WO"",IF(AF$22<>"""",IF(VALUE(AF$22)>=9/24,""FD"",""HD""),""A"")))))))"),"")
A25: {=INDEX(EMPLOYEE_LIST!$A:$A,INT((ROW()-4)/7)+2)} -> ASHOK PAVAR | D25: =IF(A25="", "", IFERROR(VLOOKUP(A25, EMPLOYEE_LIST!$A:$H, 2, FALSE), "")) -> AYV-32 | H25: =IF(A25="", "", IFERROR(VLOOKUP(A25, EMPLOYEE_LIST!$A:$H, 3, FALSE), "")) -> ENGINEERING | L25: =IF(A25="", "", IFERROR(VLOOKUP(A25, EMPLOYEE_LIST!$A:$H, 4, FALSE), "")) -> SITE ENGINEER | P25: =IF($A25="", "", "Full Day: " & COUNTIF(B30:AF30, "FD")) -> Full Day: 0 | S25: =IF($A25="", "", "HALF Day: " & COUNTIF(B30:AF30, "HD")) -> HALF Day: 0 | V25: =IF($A25="", "", "ABSENT: " & COUNTIF(B30:AF30, "A")) -> ABSENT: 10 | Y25: =IF($A25="", "", "WEEK OFF: " & COUNTIF(B30:AF30, "WO")) -> WEEK OFF: 1 | AB25: =IF($A25="", "", "LEAVE: " & COUNTIF(B30:AF30, "L")) -> LEAVE: 0 | AD25: =IF($A25="", "", "HOLIDAY: " & COUNTIF(B30:AF30, "HL")) -> HOLIDAY: 0
A26: =IF($A25="", "", "DATE") -> DATE | B26: {=IF($A25="","",LET(mNum,MONTH(1&$N$3),start,DATE($P$3,mNum,1),days,DAY(EOMONTH(start,0)),MAP(SEQUENCE(1,days,0),LAMBDA(n,UPPER(TEXT(start+n,"dd (ddd)"))))))} -> 01 (TUE) | C26: 02 (WED) | D26: 03 (THU) | E26: 04 (FRI) | F26: 05 (SAT) | G26: 06 (SUN) | H26: 07 (MON) | I26: 08 (TUE) | J26: 09 (WED) | K26: 10 (THU) | L26: 11 (FRI) | M26: 12 (SAT) | N26: 13 (SUN) | O26: 14 (MON) | P26: 15 (TUE) | Q26: 16 (WED) | R26: 17 (THU) | S26: 18 (FRI) | T26: 19 (SAT) | U26: 20 (SUN) | V26: 21 (MON) | W26: 22 (TUE) | X26: 23 (WED) | Y26: 24 (THU) | Z26: 25 (FRI) | AA26: 26 (SAT) | AB26: 27 (SUN) | AC26: 28 (MON) | AD26: 29 (TUE) | AE26: 30 (WED)
A27: =IF($A25="", "", "IN") -> IN | B27: {=IF(OR($A25="",B$5=""),"",IFNA(INDEX(DATA_LOG!$C:$C,MATCH(1,(DATA_LOG!$A:$A=$A25)*(TEXT(DATA_LOG!$B:$B,"yyyy-MM-dd")=TEXT(DATE($P$3,MONTH(1&$N$3),VALUE(LEFT(B$5,2))),"yyyy-MM-dd")),0)),""))} | C27: {=IF(OR($A25="",C$5=""),"",IFNA(INDEX(DATA_LOG!$C:$C,MATCH(1,(DATA_LOG!$A:$A=$A25)*(TEXT(DATA_LOG!$B:$B,"yyyy-MM-dd")=TEXT(DATE($P$3,MONTH(1&$N$3),VALUE(LEFT(C$5,2))),"yyyy-MM-dd")),0)),""))} | D27: {=IF(OR($A25="",D$5=""),"",IFNA(INDEX(DATA_LOG!$C:$C,MATCH(1,(DATA_LOG!$A:$A=$A25)*(TEXT(DATA_LOG!$B:$B,"yyyy-MM-dd")=TEXT(DATE($P$3,MONTH(1&$N$3),VALUE(LEFT(D$5,2))),"yyyy-MM-dd")),0)),""))} | E27: {=IF(OR($A25="",E$5=""),"",IFNA(INDEX(DATA_LOG!$C:$C,MATCH(1,(DATA_LOG!$A:$A=$A25)*(TEXT(DATA_LOG!$B:$B,"yyyy-MM-dd")=TEXT(DATE($P$3,MONTH(1&$N$3),VALUE(LEFT(E$5,2))),"yyyy-MM-dd")),0)),""))} | F27: {=IF(OR($A25="",F$5=""),"",IFNA(INDEX(DATA_LOG!$C:$C,MATCH(1,(DATA_LOG!$A:$A=$A25)*(TEXT(DATA_LOG!$B:$B,"yyyy-MM-dd")=TEXT(DATE($P$3,MONTH(1&$N$3),VALUE(LEFT(F$5,2))),"yyyy-MM-dd")),0)),""))} | G27: {=IF(OR($A25="",G$5=""),"",IFNA(INDEX(DATA_LOG!$C:$C,MATCH(1,(DATA_LOG!$A:$A=$A25)*(TEXT(DATA_LOG!$B:$B,"yyyy-MM-dd")=TEXT(DATE($P$3,MONTH(1&$N$3),VALUE(LEFT(G$5,2))),"yyyy-MM-dd")),0)),""))} | H27: {=IF(OR($A25="",H$5=""),"",IFNA(INDEX(DATA_LOG!$C:$C,MATCH(1,(DATA_LOG!$A:$A=$A25)*(TEXT(DATA_LOG!$B:$B,"yyyy-MM-dd")=TEXT(DATE($P$3,MONTH(1&$N$3),VALUE(LEFT(H$5,2))),"yyyy-MM-dd")),0)),""))} | I27: {=IF(OR($A25="",I$5=""),"",IFNA(INDEX(DATA_LOG!$C:$C,MATCH(1,(DATA_LOG!$A:$A=$A25)*(TEXT(DATA_LOG!$B:$B,"yyyy-MM-dd")=TEXT(DATE($P$3,MONTH(1&$N$3),VALUE(LEFT(I$5,2))),"yyyy-MM-dd")),0)),""))} | ... AF27: {=IF(OR($A25="",AF$5=""),"",IFNA(INDEX(DATA_LOG!$C:$C,MATCH(1,(DATA_LOG!$A:$A=$A25)*(TEXT(DATA_LOG!$B:$B,"yyyy-MM-dd")=TEXT(DATE($P$3,MONTH(1&$N$3),VALUE(LEFT(AF$5,2))),"yyyy-MM-dd")),0)),""))}
A28: =IF($A25="", "", "OUT") -> OUT | B28: {=IF(OR($A25="",B$5=""),"",IFNA(INDEX(DATA_LOG!$D:$D,MATCH(1,(DATA_LOG!$A:$A=$A25)*(TEXT(DATA_LOG!$B:$B,"yyyy-MM-dd")=TEXT(DATE($P$3,MONTH(1&$N$3),VALUE(LEFT(B$5,2))),"yyyy-MM-dd")),0)),""))} | C28: {=IF(OR($A25="",C$5=""),"",IFNA(INDEX(DATA_LOG!$D:$D,MATCH(1,(DATA_LOG!$A:$A=$A25)*(TEXT(DATA_LOG!$B:$B,"yyyy-MM-dd")=TEXT(DATE($P$3,MONTH(1&$N$3),VALUE(LEFT(C$5,2))),"yyyy-MM-dd")),0)),""))} | D28: {=IF(OR($A25="",D$5=""),"",IFNA(INDEX(DATA_LOG!$D:$D,MATCH(1,(DATA_LOG!$A:$A=$A25)*(TEXT(DATA_LOG!$B:$B,"yyyy-MM-dd")=TEXT(DATE($P$3,MONTH(1&$N$3),VALUE(LEFT(D$5,2))),"yyyy-MM-dd")),0)),""))} | E28: {=IF(OR($A25="",E$5=""),"",IFNA(INDEX(DATA_LOG!$D:$D,MATCH(1,(DATA_LOG!$A:$A=$A25)*(TEXT(DATA_LOG!$B:$B,"yyyy-MM-dd")=TEXT(DATE($P$3,MONTH(1&$N$3),VALUE(LEFT(E$5,2))),"yyyy-MM-dd")),0)),""))} | F28: {=IF(OR($A25="",F$5=""),"",IFNA(INDEX(DATA_LOG!$D:$D,MATCH(1,(DATA_LOG!$A:$A=$A25)*(TEXT(DATA_LOG!$B:$B,"yyyy-MM-dd")=TEXT(DATE($P$3,MONTH(1&$N$3),VALUE(LEFT(F$5,2))),"yyyy-MM-dd")),0)),""))} | G28: {=IF(OR($A25="",G$5=""),"",IFNA(INDEX(DATA_LOG!$D:$D,MATCH(1,(DATA_LOG!$A:$A=$A25)*(TEXT(DATA_LOG!$B:$B,"yyyy-MM-dd")=TEXT(DATE($P$3,MONTH(1&$N$3),VALUE(LEFT(G$5,2))),"yyyy-MM-dd")),0)),""))} | H28: {=IF(OR($A25="",H$5=""),"",IFNA(INDEX(DATA_LOG!$D:$D,MATCH(1,(DATA_LOG!$A:$A=$A25)*(TEXT(DATA_LOG!$B:$B,"yyyy-MM-dd")=TEXT(DATE($P$3,MONTH(1&$N$3),VALUE(LEFT(H$5,2))),"yyyy-MM-dd")),0)),""))} | I28: {=IF(OR($A25="",I$5=""),"",IFNA(INDEX(DATA_LOG!$D:$D,MATCH(1,(DATA_LOG!$A:$A=$A25)*(TEXT(DATA_LOG!$B:$B,"yyyy-MM-dd")=TEXT(DATE($P$3,MONTH(1&$N$3),VALUE(LEFT(I$5,2))),"yyyy-MM-dd")),0)),""))} | ... AF28: {=IF(OR($A25="",AF$5=""),"",IFNA(INDEX(DATA_LOG!$D:$D,MATCH(1,(DATA_LOG!$A:$A=$A25)*(TEXT(DATA_LOG!$B:$B,"yyyy-MM-dd")=TEXT(DATE($P$3,MONTH(1&$N$3),VALUE(LEFT(AF$5,2))),"yyyy-MM-dd")),0)),""))}
A29: =IF($A25="", "", "TOTAL") -> TOTAL | B29: =IF(OR(B27="",B28=""),"",B28-B27) | C29: =IF(OR(C27="",C28=""),"",C28-C27) | D29: =IF(OR(D27="",D28=""),"",D28-D27) | E29: =IF(OR(E27="",E28=""),"",E28-E27) | F29: =IF(OR(F27="",F28=""),"",F28-F27) | G29: =IF(OR(G27="",G28=""),"",G28-G27) | H29: =IF(OR(H27="",H28=""),"",H28-H27) | I29: =IF(OR(I27="",I28=""),"",I28-I27) | ... AF29: =IF(OR(AF27="",AF28=""),"",AF28-AF27)
A30: =IF($A25="", "", "STATUS") -> STATUS | B30: =IFERROR(__xludf.DUMMYFUNCTION("IF($A25="""","""",IF(B$26="""","""",LET(logStatus,IFNA(INDEX(DATA_LOG!$E:$E,MATCH(1,(DATA_LOG!$A:$A=$A25)*(TEXT(DATA_LOG!$B:$B,""yyyy-MM-dd"")=TEXT(DATE($P$3,MONTH(1&$N$3),VALUE(LEFT(B$26,2))),""yyyy-MM-dd"")),0)),""""),selectedDate,DATE($P$3,MONTH(1&$N$3"&"),VALUE(LEFT(B$26,2))),IF(logStatus<>"""",UPPER(logStatus),IF(selectedDate>TODAY(),""-"",IF(REGEXMATCH(B$26,""SUN""),""WO"",IF(B$29<>"""",IF(VALUE(B$29)>=9/24,""FD"",""HD""),""A"")))))))"),"A") -> A | C30: =IFERROR(__xludf.DUMMYFUNCTION("IF($A25="""","""",IF(C$26="""","""",LET(logStatus,IFNA(INDEX(DATA_LOG!$E:$E,MATCH(1,(DATA_LOG!$A:$A=$A25)*(TEXT(DATA_LOG!$B:$B,""yyyy-MM-dd"")=TEXT(DATE($P$3,MONTH(1&$N$3),VALUE(LEFT(C$26,2))),""yyyy-MM-dd"")),0)),""""),selectedDate,DATE($P$3,MONTH(1&$N$3"&"),VALUE(LEFT(C$26,2))),IF(logStatus<>"""",UPPER(logStatus),IF(selectedDate>TODAY(),""-"",IF(REGEXMATCH(C$26,""SUN""),""WO"",IF(C$29<>"""",IF(VALUE(C$29)>=9/24,""FD"",""HD""),""A"")))))))"),"A") -> A | D30: =IFERROR(__xludf.DUMMYFUNCTION("IF($A25="""","""",IF(D$26="""","""",LET(logStatus,IFNA(INDEX(DATA_LOG!$E:$E,MATCH(1,(DATA_LOG!$A:$A=$A25)*(TEXT(DATA_LOG!$B:$B,""yyyy-MM-dd"")=TEXT(DATE($P$3,MONTH(1&$N$3),VALUE(LEFT(D$26,2))),""yyyy-MM-dd"")),0)),""""),selectedDate,DATE($P$3,MONTH(1&$N$3"&"),VALUE(LEFT(D$26,2))),IF(logStatus<>"""",UPPER(logStatus),IF(selectedDate>TODAY(),""-"",IF(REGEXMATCH(D$26,""SUN""),""WO"",IF(D$29<>"""",IF(VALUE(D$29)>=9/24,""FD"",""HD""),""A"")))))))"),"A") -> A | E30: =IFERROR(__xludf.DUMMYFUNCTION("IF($A25="""","""",IF(E$26="""","""",LET(logStatus,IFNA(INDEX(DATA_LOG!$E:$E,MATCH(1,(DATA_LOG!$A:$A=$A25)*(TEXT(DATA_LOG!$B:$B,""yyyy-MM-dd"")=TEXT(DATE($P$3,MONTH(1&$N$3),VALUE(LEFT(E$26,2))),""yyyy-MM-dd"")),0)),""""),selectedDate,DATE($P$3,MONTH(1&$N$3"&"),VALUE(LEFT(E$26,2))),IF(logStatus<>"""",UPPER(logStatus),IF(selectedDate>TODAY(),""-"",IF(REGEXMATCH(E$26,""SUN""),""WO"",IF(E$29<>"""",IF(VALUE(E$29)>=9/24,""FD"",""HD""),""A"")))))))"),"A") -> A | F30: =IFERROR(__xludf.DUMMYFUNCTION("IF($A25="""","""",IF(F$26="""","""",LET(logStatus,IFNA(INDEX(DATA_LOG!$E:$E,MATCH(1,(DATA_LOG!$A:$A=$A25)*(TEXT(DATA_LOG!$B:$B,""yyyy-MM-dd"")=TEXT(DATE($P$3,MONTH(1&$N$3),VALUE(LEFT(F$26,2))),""yyyy-MM-dd"")),0)),""""),selectedDate,DATE($P$3,MONTH(1&$N$3"&"),VALUE(LEFT(F$26,2))),IF(logStatus<>"""",UPPER(logStatus),IF(selectedDate>TODAY(),""-"",IF(REGEXMATCH(F$26,""SUN""),""WO"",IF(F$29<>"""",IF(VALUE(F$29)>=9/24,""FD"",""HD""),""A"")))))))"),"A") -> A | G30: =IFERROR(__xludf.DUMMYFUNCTION("IF($A25="""","""",IF(G$26="""","""",LET(logStatus,IFNA(INDEX(DATA_LOG!$E:$E,MATCH(1,(DATA_LOG!$A:$A=$A25)*(TEXT(DATA_LOG!$B:$B,""yyyy-MM-dd"")=TEXT(DATE($P$3,MONTH(1&$N$3),VALUE(LEFT(G$26,2))),""yyyy-MM-dd"")),0)),""""),selectedDate,DATE($P$3,MONTH(1&$N$3"&"),VALUE(LEFT(G$26,2))),IF(logStatus<>"""",UPPER(logStatus),IF(selectedDate>TODAY(),""-"",IF(REGEXMATCH(G$26,""SUN""),""WO"",IF(G$29<>"""",IF(VALUE(G$29)>=9/24,""FD"",""HD""),""A"")))))))"),"WO") -> WO | H30: =IFERROR(__xludf.DUMMYFUNCTION("IF($A25="""","""",IF(H$26="""","""",LET(logStatus,IFNA(INDEX(DATA_LOG!$E:$E,MATCH(1,(DATA_LOG!$A:$A=$A25)*(TEXT(DATA_LOG!$B:$B,""yyyy-MM-dd"")=TEXT(DATE($P$3,MONTH(1&$N$3),VALUE(LEFT(H$26,2))),""yyyy-MM-dd"")),0)),""""),selectedDate,DATE($P$3,MONTH(1&$N$3"&"),VALUE(LEFT(H$26,2))),IF(logStatus<>"""",UPPER(logStatus),IF(selectedDate>TODAY(),""-"",IF(REGEXMATCH(H$26,""SUN""),""WO"",IF(H$29<>"""",IF(VALUE(H$29)>=9/24,""FD"",""HD""),""A"")))))))"),"A") -> A | I30: =IFERROR(__xludf.DUMMYFUNCTION("IF($A25="""","""",IF(I$26="""","""",LET(logStatus,IFNA(INDEX(DATA_LOG!$E:$E,MATCH(1,(DATA_LOG!$A:$A=$A25)*(TEXT(DATA_LOG!$B:$B,""yyyy-MM-dd"")=TEXT(DATE($P$3,MONTH(1&$N$3),VALUE(LEFT(I$26,2))),""yyyy-MM-dd"")),0)),""""),selectedDate,DATE($P$3,MONTH(1&$N$3"&"),VALUE(LEFT(I$26,2))),IF(logStatus<>"""",UPPER(logStatus),IF(selectedDate>TODAY(),""-"",IF(REGEXMATCH(I$26,""SUN""),""WO"",IF(I$29<>"""",IF(VALUE(I$29)>=9/24,""FD"",""HD""),""A"")))))))"),"A") -> A | J30: =IFERROR(__xludf.DUMMYFUNCTION("IF($A25="""","""",IF(J$26="""","""",LET(logStatus,IFNA(INDEX(DATA_LOG!$E:$E,MATCH(1,(DATA_LOG!$A:$A=$A25)*(TEXT(DATA_LOG!$B:$B,""yyyy-MM-dd"")=TEXT(DATE($P$3,MONTH(1&$N$3),VALUE(LEFT(J$26,2))),""yyyy-MM-dd"")),0)),""""),selectedDate,DATE($P$3,MONTH(1&$N$3"&"),VALUE(LEFT(J$26,2))),IF(logStatus<>"""",UPPER(logStatus),IF(selectedDate>TODAY(),""-"",IF(REGEXMATCH(J$26,""SUN""),""WO"",IF(J$29<>"""",IF(VALUE(J$29)>=9/24,""FD"",""HD""),""A"")))))))"),"A") -> A | K30: =IFERROR(__xludf.DUMMYFUNCTION("IF($A25="""","""",IF(K$26="""","""",LET(logStatus,IFNA(INDEX(DATA_LOG!$E:$E,MATCH(1,(DATA_LOG!$A:$A=$A25)*(TEXT(DATA_LOG!$B:$B,""yyyy-MM-dd"")=TEXT(DATE($P$3,MONTH(1&$N$3),VALUE(LEFT(K$26,2))),""yyyy-MM-dd"")),0)),""""),selectedDate,DATE($P$3,MONTH(1&$N$3"&"),VALUE(LEFT(K$26,2))),IF(logStatus<>"""",UPPER(logStatus),IF(selectedDate>TODAY(),""-"",IF(REGEXMATCH(K$26,""SUN""),""WO"",IF(K$29<>"""",IF(VALUE(K$29)>=9/24,""FD"",""HD""),""A"")))))))"),"A") -> A | L30: =IFERROR(__xludf.DUMMYFUNCTION("IF($A25="""","""",IF(L$26="""","""",LET(logStatus,IFNA(INDEX(DATA_LOG!$E:$E,MATCH(1,(DATA_LOG!$A:$A=$A25)*(TEXT(DATA_LOG!$B:$B,""yyyy-MM-dd"")=TEXT(DATE($P$3,MONTH(1&$N$3),VALUE(LEFT(L$26,2))),""yyyy-MM-dd"")),0)),""""),selectedDate,DATE($P$3,MONTH(1&$N$3"&"),VALUE(LEFT(L$26,2))),IF(logStatus<>"""",UPPER(logStatus),IF(selectedDate>TODAY(),""-"",IF(REGEXMATCH(L$26,""SUN""),""WO"",IF(L$29<>"""",IF(VALUE(L$29)>=9/24,""FD"",""HD""),""A"")))))))"),"A") -> A | M30: =IFERROR(__xludf.DUMMYFUNCTION("IF($A25="""","""",IF(M$26="""","""",LET(logStatus,IFNA(INDEX(DATA_LOG!$E:$E,MATCH(1,(DATA_LOG!$A:$A=$A25)*(TEXT(DATA_LOG!$B:$B,""yyyy-MM-dd"")=TEXT(DATE($P$3,MONTH(1&$N$3),VALUE(LEFT(M$26,2))),""yyyy-MM-dd"")),0)),""""),selectedDate,DATE($P$3,MONTH(1&$N$3"&"),VALUE(LEFT(M$26,2))),IF(logStatus<>"""",UPPER(logStatus),IF(selectedDate>TODAY(),""-"",IF(REGEXMATCH(M$26,""SUN""),""WO"",IF(M$29<>"""",IF(VALUE(M$29)>=9/24,""FD"",""HD""),""A"")))))))"),"-") -> - | N30: =IFERROR(__xludf.DUMMYFUNCTION("IF($A25="""","""",IF(N$26="""","""",LET(logStatus,IFNA(INDEX(DATA_LOG!$E:$E,MATCH(1,(DATA_LOG!$A:$A=$A25)*(TEXT(DATA_LOG!$B:$B,""yyyy-MM-dd"")=TEXT(DATE($P$3,MONTH(1&$N$3),VALUE(LEFT(N$26,2))),""yyyy-MM-dd"")),0)),""""),selectedDate,DATE($P$3,MONTH(1&$N$3"&"),VALUE(LEFT(N$26,2))),IF(logStatus<>"""",UPPER(logStatus),IF(selectedDate>TODAY(),""-"",IF(REGEXMATCH(N$26,""SUN""),""WO"",IF(N$29<>"""",IF(VALUE(N$29)>=9/24,""FD"",""HD""),""A"")))))))"),"-") -> - | O30: =IFERROR(__xludf.DUMMYFUNCTION("IF($A25="""","""",IF(O$26="""","""",LET(logStatus,IFNA(INDEX(DATA_LOG!$E:$E,MATCH(1,(DATA_LOG!$A:$A=$A25)*(TEXT(DATA_LOG!$B:$B,""yyyy-MM-dd"")=TEXT(DATE($P$3,MONTH(1&$N$3),VALUE(LEFT(O$26,2))),""yyyy-MM-dd"")),0)),""""),selectedDate,DATE($P$3,MONTH(1&$N$3"&"),VALUE(LEFT(O$26,2))),IF(logStatus<>"""",UPPER(logStatus),IF(selectedDate>TODAY(),""-"",IF(REGEXMATCH(O$26,""SUN""),""WO"",IF(O$29<>"""",IF(VALUE(O$29)>=9/24,""FD"",""HD""),""A"")))))))"),"-") -> - | P30: =IFERROR(__xludf.DUMMYFUNCTION("IF($A25="""","""",IF(P$26="""","""",LET(logStatus,IFNA(INDEX(DATA_LOG!$E:$E,MATCH(1,(DATA_LOG!$A:$A=$A25)*(TEXT(DATA_LOG!$B:$B,""yyyy-MM-dd"")=TEXT(DATE($P$3,MONTH(1&$N$3),VALUE(LEFT(P$26,2))),""yyyy-MM-dd"")),0)),""""),selectedDate,DATE($P$3,MONTH(1&$N$3"&"),VALUE(LEFT(P$26,2))),IF(logStatus<>"""",UPPER(logStatus),IF(selectedDate>TODAY(),""-"",IF(REGEXMATCH(P$26,""SUN""),""WO"",IF(P$29<>"""",IF(VALUE(P$29)>=9/24,""FD"",""HD""),""A"")))))))"),"-") -> - | Q30: =IFERROR(__xludf.DUMMYFUNCTION("IF($A25="""","""",IF(Q$26="""","""",LET(logStatus,IFNA(INDEX(DATA_LOG!$E:$E,MATCH(1,(DATA_LOG!$A:$A=$A25)*(TEXT(DATA_LOG!$B:$B,""yyyy-MM-dd"")=TEXT(DATE($P$3,MONTH(1&$N$3),VALUE(LEFT(Q$26,2))),""yyyy-MM-dd"")),0)),""""),selectedDate,DATE($P$3,MONTH(1&$N$3"&"),VALUE(LEFT(Q$26,2))),IF(logStatus<>"""",UPPER(logStatus),IF(selectedDate>TODAY(),""-"",IF(REGEXMATCH(Q$26,""SUN""),""WO"",IF(Q$29<>"""",IF(VALUE(Q$29)>=9/24,""FD"",""HD""),""A"")))))))"),"-") -> - | R30: =IFERROR(__xludf.DUMMYFUNCTION("IF($A25="""","""",IF(R$26="""","""",LET(logStatus,IFNA(INDEX(DATA_LOG!$E:$E,MATCH(1,(DATA_LOG!$A:$A=$A25)*(TEXT(DATA_LOG!$B:$B,""yyyy-MM-dd"")=TEXT(DATE($P$3,MONTH(1&$N$3),VALUE(LEFT(R$26,2))),""yyyy-MM-dd"")),0)),""""),selectedDate,DATE($P$3,MONTH(1&$N$3"&"),VALUE(LEFT(R$26,2))),IF(logStatus<>"""",UPPER(logStatus),IF(selectedDate>TODAY(),""-"",IF(REGEXMATCH(R$26,""SUN""),""WO"",IF(R$29<>"""",IF(VALUE(R$29)>=9/24,""FD"",""HD""),""A"")))))))"),"-") -> - | S30: =IFERROR(__xludf.DUMMYFUNCTION("IF($A25="""","""",IF(S$26="""","""",LET(logStatus,IFNA(INDEX(DATA_LOG!$E:$E,MATCH(1,(DATA_LOG!$A:$A=$A25)*(TEXT(DATA_LOG!$B:$B,""yyyy-MM-dd"")=TEXT(DATE($P$3,MONTH(1&$N$3),VALUE(LEFT(S$26,2))),""yyyy-MM-dd"")),0)),""""),selectedDate,DATE($P$3,MONTH(1&$N$3"&"),VALUE(LEFT(S$26,2))),IF(logStatus<>"""",UPPER(logStatus),IF(selectedDate>TODAY(),""-"",IF(REGEXMATCH(S$26,""SUN""),""WO"",IF(S$29<>"""",IF(VALUE(S$29)>=9/24,""FD"",""HD""),""A"")))))))"),"-") -> - | T30: =IFERROR(__xludf.DUMMYFUNCTION("IF($A25="""","""",IF(T$26="""","""",LET(logStatus,IFNA(INDEX(DATA_LOG!$E:$E,MATCH(1,(DATA_LOG!$A:$A=$A25)*(TEXT(DATA_LOG!$B:$B,""yyyy-MM-dd"")=TEXT(DATE($P$3,MONTH(1&$N$3),VALUE(LEFT(T$26,2))),""yyyy-MM-dd"")),0)),""""),selectedDate,DATE($P$3,MONTH(1&$N$3"&"),VALUE(LEFT(T$26,2))),IF(logStatus<>"""",UPPER(logStatus),IF(selectedDate>TODAY(),""-"",IF(REGEXMATCH(T$26,""SUN""),""WO"",IF(T$29<>"""",IF(VALUE(T$29)>=9/24,""FD"",""HD""),""A"")))))))"),"-") -> - | U30: =IFERROR(__xludf.DUMMYFUNCTION("IF($A25="""","""",IF(U$26="""","""",LET(logStatus,IFNA(INDEX(DATA_LOG!$E:$E,MATCH(1,(DATA_LOG!$A:$A=$A25)*(TEXT(DATA_LOG!$B:$B,""yyyy-MM-dd"")=TEXT(DATE($P$3,MONTH(1&$N$3),VALUE(LEFT(U$26,2))),""yyyy-MM-dd"")),0)),""""),selectedDate,DATE($P$3,MONTH(1&$N$3"&"),VALUE(LEFT(U$26,2))),IF(logStatus<>"""",UPPER(logStatus),IF(selectedDate>TODAY(),""-"",IF(REGEXMATCH(U$26,""SUN""),""WO"",IF(U$29<>"""",IF(VALUE(U$29)>=9/24,""FD"",""HD""),""A"")))))))"),"-") -> - | V30: =IFERROR(__xludf.DUMMYFUNCTION("IF($A25="""","""",IF(V$26="""","""",LET(logStatus,IFNA(INDEX(DATA_LOG!$E:$E,MATCH(1,(DATA_LOG!$A:$A=$A25)*(TEXT(DATA_LOG!$B:$B,""yyyy-MM-dd"")=TEXT(DATE($P$3,MONTH(1&$N$3),VALUE(LEFT(V$26,2))),""yyyy-MM-dd"")),0)),""""),selectedDate,DATE($P$3,MONTH(1&$N$3"&"),VALUE(LEFT(V$26,2))),IF(logStatus<>"""",UPPER(logStatus),IF(selectedDate>TODAY(),""-"",IF(REGEXMATCH(V$26,""SUN""),""WO"",IF(V$29<>"""",IF(VALUE(V$29)>=9/24,""FD"",""HD""),""A"")))))))"),"-") -> - | W30: =IFERROR(__xludf.DUMMYFUNCTION("IF($A25="""","""",IF(W$26="""","""",LET(logStatus,IFNA(INDEX(DATA_LOG!$E:$E,MATCH(1,(DATA_LOG!$A:$A=$A25)*(TEXT(DATA_LOG!$B:$B,""yyyy-MM-dd"")=TEXT(DATE($P$3,MONTH(1&$N$3),VALUE(LEFT(W$26,2))),""yyyy-MM-dd"")),0)),""""),selectedDate,DATE($P$3,MONTH(1&$N$3"&"),VALUE(LEFT(W$26,2))),IF(logStatus<>"""",UPPER(logStatus),IF(selectedDate>TODAY(),""-"",IF(REGEXMATCH(W$26,""SUN""),""WO"",IF(W$29<>"""",IF(VALUE(W$29)>=9/24,""FD"",""HD""),""A"")))))))"),"-") -> - | X30: =IFERROR(__xludf.DUMMYFUNCTION("IF($A25="""","""",IF(X$26="""","""",LET(logStatus,IFNA(INDEX(DATA_LOG!$E:$E,MATCH(1,(DATA_LOG!$A:$A=$A25)*(TEXT(DATA_LOG!$B:$B,""yyyy-MM-dd"")=TEXT(DATE($P$3,MONTH(1&$N$3),VALUE(LEFT(X$26,2))),""yyyy-MM-dd"")),0)),""""),selectedDate,DATE($P$3,MONTH(1&$N$3"&"),VALUE(LEFT(X$26,2))),IF(logStatus<>"""",UPPER(logStatus),IF(selectedDate>TODAY(),""-"",IF(REGEXMATCH(X$26,""SUN""),""WO"",IF(X$29<>"""",IF(VALUE(X$29)>=9/24,""FD"",""HD""),""A"")))))))"),"-") -> - | Y30: =IFERROR(__xludf.DUMMYFUNCTION("IF($A25="""","""",IF(Y$26="""","""",LET(logStatus,IFNA(INDEX(DATA_LOG!$E:$E,MATCH(1,(DATA_LOG!$A:$A=$A25)*(TEXT(DATA_LOG!$B:$B,""yyyy-MM-dd"")=TEXT(DATE($P$3,MONTH(1&$N$3),VALUE(LEFT(Y$26,2))),""yyyy-MM-dd"")),0)),""""),selectedDate,DATE($P$3,MONTH(1&$N$3"&"),VALUE(LEFT(Y$26,2))),IF(logStatus<>"""",UPPER(logStatus),IF(selectedDate>TODAY(),""-"",IF(REGEXMATCH(Y$26,""SUN""),""WO"",IF(Y$29<>"""",IF(VALUE(Y$29)>=9/24,""FD"",""HD""),""A"")))))))"),"-") -> - | Z30: =IFERROR(__xludf.DUMMYFUNCTION("IF($A25="""","""",IF(Z$26="""","""",LET(logStatus,IFNA(INDEX(DATA_LOG!$E:$E,MATCH(1,(DATA_LOG!$A:$A=$A25)*(TEXT(DATA_LOG!$B:$B,""yyyy-MM-dd"")=TEXT(DATE($P$3,MONTH(1&$N$3),VALUE(LEFT(Z$26,2))),""yyyy-MM-dd"")),0)),""""),selectedDate,DATE($P$3,MONTH(1&$N$3"&"),VALUE(LEFT(Z$26,2))),IF(logStatus<>"""",UPPER(logStatus),IF(selectedDate>TODAY(),""-"",IF(REGEXMATCH(Z$26,""SUN""),""WO"",IF(Z$29<>"""",IF(VALUE(Z$29)>=9/24,""FD"",""HD""),""A"")))))))"),"-") -> - | AA30: =IFERROR(__xludf.DUMMYFUNCTION("IF($A25="""","""",IF(AA$26="""","""",LET(logStatus,IFNA(INDEX(DATA_LOG!$E:$E,MATCH(1,(DATA_LOG!$A:$A=$A25)*(TEXT(DATA_LOG!$B:$B,""yyyy-MM-dd"")=TEXT(DATE($P$3,MONTH(1&$N$3),VALUE(LEFT(AA$26,2))),""yyyy-MM-dd"")),0)),""""),selectedDate,DATE($P$3,MONTH(1&$N"&"$3),VALUE(LEFT(AA$26,2))),IF(logStatus<>"""",UPPER(logStatus),IF(selectedDate>TODAY(),""-"",IF(REGEXMATCH(AA$26,""SUN""),""WO"",IF(AA$29<>"""",IF(VALUE(AA$29)>=9/24,""FD"",""HD""),""A"")))))))"),"-") -> - | AB30: =IFERROR(__xludf.DUMMYFUNCTION("IF($A25="""","""",IF(AB$26="""","""",LET(logStatus,IFNA(INDEX(DATA_LOG!$E:$E,MATCH(1,(DATA_LOG!$A:$A=$A25)*(TEXT(DATA_LOG!$B:$B,""yyyy-MM-dd"")=TEXT(DATE($P$3,MONTH(1&$N$3),VALUE(LEFT(AB$26,2))),""yyyy-MM-dd"")),0)),""""),selectedDate,DATE($P$3,MONTH(1&$N"&"$3),VALUE(LEFT(AB$26,2))),IF(logStatus<>"""",UPPER(logStatus),IF(selectedDate>TODAY(),""-"",IF(REGEXMATCH(AB$26,""SUN""),""WO"",IF(AB$29<>"""",IF(VALUE(AB$29)>=9/24,""FD"",""HD""),""A"")))))))"),"-") -> - | AC30: =IFERROR(__xludf.DUMMYFUNCTION("IF($A25="""","""",IF(AC$26="""","""",LET(logStatus,IFNA(INDEX(DATA_LOG!$E:$E,MATCH(1,(DATA_LOG!$A:$A=$A25)*(TEXT(DATA_LOG!$B:$B,""yyyy-MM-dd"")=TEXT(DATE($P$3,MONTH(1&$N$3),VALUE(LEFT(AC$26,2))),""yyyy-MM-dd"")),0)),""""),selectedDate,DATE($P$3,MONTH(1&$N"&"$3),VALUE(LEFT(AC$26,2))),IF(logStatus<>"""",UPPER(logStatus),IF(selectedDate>TODAY(),""-"",IF(REGEXMATCH(AC$26,""SUN""),""WO"",IF(AC$29<>"""",IF(VALUE(AC$29)>=9/24,""FD"",""HD""),""A"")))))))"),"-") -> - | AD30: =IFERROR(__xludf.DUMMYFUNCTION("IF($A25="""","""",IF(AD$26="""","""",LET(logStatus,IFNA(INDEX(DATA_LOG!$E:$E,MATCH(1,(DATA_LOG!$A:$A=$A25)*(TEXT(DATA_LOG!$B:$B,""yyyy-MM-dd"")=TEXT(DATE($P$3,MONTH(1&$N$3),VALUE(LEFT(AD$26,2))),""yyyy-MM-dd"")),0)),""""),selectedDate,DATE($P$3,MONTH(1&$N"&"$3),VALUE(LEFT(AD$26,2))),IF(logStatus<>"""",UPPER(logStatus),IF(selectedDate>TODAY(),""-"",IF(REGEXMATCH(AD$26,""SUN""),""WO"",IF(AD$29<>"""",IF(VALUE(AD$29)>=9/24,""FD"",""HD""),""A"")))))))"),"-") -> - | AE30: =IFERROR(__xludf.DUMMYFUNCTION("IF($A25="""","""",IF(AE$26="""","""",LET(logStatus,IFNA(INDEX(DATA_LOG!$E:$E,MATCH(1,(DATA_LOG!$A:$A=$A25)*(TEXT(DATA_LOG!$B:$B,""yyyy-MM-dd"")=TEXT(DATE($P$3,MONTH(1&$N$3),VALUE(LEFT(AE$26,2))),""yyyy-MM-dd"")),0)),""""),selectedDate,DATE($P$3,MONTH(1&$N"&"$3),VALUE(LEFT(AE$26,2))),IF(logStatus<>"""",UPPER(logStatus),IF(selectedDate>TODAY(),""-"",IF(REGEXMATCH(AE$26,""SUN""),""WO"",IF(AE$29<>"""",IF(VALUE(AE$29)>=9/24,""FD"",""HD""),""A"")))))))"),"-") -> - | AF30: =IFERROR(__xludf.DUMMYFUNCTION("IF($A25="""","""",IF(AF$26="""","""",LET(logStatus,IFNA(INDEX(DATA_LOG!$E:$E,MATCH(1,(DATA_LOG!$A:$A=$A25)*(TEXT(DATA_LOG!$B:$B,""yyyy-MM-dd"")=TEXT(DATE($P$3,MONTH(1&$N$3),VALUE(LEFT(AF$26,2))),""yyyy-MM-dd"")),0)),""""),selectedDate,DATE($P$3,MONTH(1&$N"&"$3),VALUE(LEFT(AF$26,2))),IF(logStatus<>"""",UPPER(logStatus),IF(selectedDate>TODAY(),""-"",IF(REGEXMATCH(AF$26,""SUN""),""WO"",IF(AF$29<>"""",IF(VALUE(AF$29)>=9/24,""FD"",""HD""),""A"")))))))"),"")
A32: {=INDEX(EMPLOYEE_LIST!$A:$A,INT((ROW()-4)/7)+2)} -> BIBEK MUNDA | D32: =IF(A32="", "", IFERROR(VLOOKUP(A32, EMPLOYEE_LIST!$A:$H, 2, FALSE), "")) -> AYV-85 | H32: =IF(A32="", "", IFERROR(VLOOKUP(A32, EMPLOYEE_LIST!$A:$H, 3, FALSE), "")) -> SUPERVISOR | L32: =IF(A32="", "", IFERROR(VLOOKUP(A32, EMPLOYEE_LIST!$A:$H, 4, FALSE), "")) -> SUPERVISOR | P32: =IF($A32="", "", "Full Day: " & COUNTIF(B37:AF37, "FD")) -> Full Day: 0 | S32: =IF($A32="", "", "HALF Day: " & COUNTIF(B37:AF37, "HD")) -> HALF Day: 0 | V32: =IF($A32="", "", "ABSENT: " & COUNTIF(B37:AF37, "A")) -> ABSENT: 10 | Y32: =IF($A32="", "", "WEEK OFF: " & COUNTIF(B37:AF37, "WO")) -> WEEK OFF: 1 | AB32: =IF($A32="", "", "LEAVE: " & COUNTIF(B37:AF37, "L")) -> LEAVE: 0 | AD32: =IF($A32="", "", "HOLIDAY: " & COUNTIF(B37:AF37, "HL")) -> HOLIDAY: 0
A33: =IF($A32="", "", "DATE") -> DATE | B33: {=IF($A32="","",LET(mNum,MONTH(1&$N$3),start,DATE($P$3,mNum,1),days,DAY(EOMONTH(start,0)),MAP(SEQUENCE(1,days,0),LAMBDA(n,UPPER(TEXT(start+n,"dd (ddd)"))))))} -> 01 (TUE) | C33: 02 (WED) | D33: 03 (THU) | E33: 04 (FRI) | F33: 05 (SAT) | G33: 06 (SUN) | H33: 07 (MON) | I33: 08 (TUE) | J33: 09 (WED) | K33: 10 (THU) | L33: 11 (FRI) | M33: 12 (SAT) | N33: 13 (SUN) | O33: 14 (MON) | P33: 15 (TUE) | Q33: 16 (WED) | R33: 17 (THU) | S33: 18 (FRI) | T33: 19 (SAT) | U33: 20 (SUN) | V33: 21 (MON) | W33: 22 (TUE) | X33: 23 (WED) | Y33: 24 (THU) | Z33: 25 (FRI) | AA33: 26 (SAT) | AB33: 27 (SUN) | AC33: 28 (MON) | AD33: 29 (TUE) | AE33: 30 (WED)
A34: =IF($A32="", "", "IN") -> IN | B34: {=IF(OR($A32="",B$33=""),"",IFNA(INDEX(DATA_LOG!$C:$C,MATCH(1,(DATA_LOG!$A:$A=$A32)*(TEXT(DATA_LOG!$B:$B,"yyyy-MM-dd")=TEXT(DATE($P$3,MONTH(1&$N$3),VALUE(LEFT(B$33,2))),"yyyy-MM-dd")),0)),""))} | C34: {=IF(OR($A32="",C$5=""),"",IFNA(INDEX(DATA_LOG!$C:$C,MATCH(1,(DATA_LOG!$A:$A=$A32)*(TEXT(DATA_LOG!$B:$B,"yyyy-MM-dd")=TEXT(DATE($P$3,MONTH(1&$N$3),VALUE(LEFT(C$5,2))),"yyyy-MM-dd")),0)),""))} | D34: {=IF(OR($A32="",D$5=""),"",IFNA(INDEX(DATA_LOG!$C:$C,MATCH(1,(DATA_LOG!$A:$A=$A32)*(TEXT(DATA_LOG!$B:$B,"yyyy-MM-dd")=TEXT(DATE($P$3,MONTH(1&$N$3),VALUE(LEFT(D$5,2))),"yyyy-MM-dd")),0)),""))} | E34: {=IF(OR($A32="",E$5=""),"",IFNA(INDEX(DATA_LOG!$C:$C,MATCH(1,(DATA_LOG!$A:$A=$A32)*(TEXT(DATA_LOG!$B:$B,"yyyy-MM-dd")=TEXT(DATE($P$3,MONTH(1&$N$3),VALUE(LEFT(E$5,2))),"yyyy-MM-dd")),0)),""))} | F34: {=IF(OR($A32="",F$5=""),"",IFNA(INDEX(DATA_LOG!$C:$C,MATCH(1,(DATA_LOG!$A:$A=$A32)*(TEXT(DATA_LOG!$B:$B,"yyyy-MM-dd")=TEXT(DATE($P$3,MONTH(1&$N$3),VALUE(LEFT(F$5,2))),"yyyy-MM-dd")),0)),""))} | G34: {=IF(OR($A32="",G$5=""),"",IFNA(INDEX(DATA_LOG!$C:$C,MATCH(1,(DATA_LOG!$A:$A=$A32)*(TEXT(DATA_LOG!$B:$B,"yyyy-MM-dd")=TEXT(DATE($P$3,MONTH(1&$N$3),VALUE(LEFT(G$5,2))),"yyyy-MM-dd")),0)),""))} | H34: {=IF(OR($A32="",H$5=""),"",IFNA(INDEX(DATA_LOG!$C:$C,MATCH(1,(DATA_LOG!$A:$A=$A32)*(TEXT(DATA_LOG!$B:$B,"yyyy-MM-dd")=TEXT(DATE($P$3,MONTH(1&$N$3),VALUE(LEFT(H$5,2))),"yyyy-MM-dd")),0)),""))} | I34: {=IF(OR($A32="",I$5=""),"",IFNA(INDEX(DATA_LOG!$C:$C,MATCH(1,(DATA_LOG!$A:$A=$A32)*(TEXT(DATA_LOG!$B:$B,"yyyy-MM-dd")=TEXT(DATE($P$3,MONTH(1&$N$3),VALUE(LEFT(I$5,2))),"yyyy-MM-dd")),0)),""))} | J34: {=IF(OR($A32="",J$5=""),"",IFNA(INDEX(DATA_LOG!$C:$C,MATCH(1,(DATA_LOG!$A:$A=$A32)*(TEXT(DATA_LOG!$B:$B,"yyyy-MM-dd")=TEXT(DATE($P$3,MONTH(1&$N$3),VALUE(LEFT(J$5,2))),"yyyy-MM-dd")),0)),""))} | ... AF34: {=IF(OR($A32="",AF$5=""),"",IFNA(INDEX(DATA_LOG!$C:$C,MATCH(1,(DATA_LOG!$A:$A=$A32)*(TEXT(DATA_LOG!$B:$B,"yyyy-MM-dd")=TEXT(DATE($P$3,MONTH(1&$N$3),VALUE(LEFT(AF$5,2))),"yyyy-MM-dd")),0)),""))}
A35: =IF($A32="", "", "OUT") -> OUT | B35: {=IF(OR($A32="",B$5=""),"",IFNA(INDEX(DATA_LOG!$D:$D,MATCH(1,(DATA_LOG!$A:$A=$A32)*(TEXT(DATA_LOG!$B:$B,"yyyy-MM-dd")=TEXT(DATE($P$3,MONTH(1&$N$3),VALUE(LEFT(B$5,2))),"yyyy-MM-dd")),0)),""))} | C35: {=IF(OR($A32="",C$5=""),"",IFNA(INDEX(DATA_LOG!$D:$D,MATCH(1,(DATA_LOG!$A:$A=$A32)*(TEXT(DATA_LOG!$B:$B,"yyyy-MM-dd")=TEXT(DATE($P$3,MONTH(1&$N$3),VALUE(LEFT(C$5,2))),"yyyy-MM-dd")),0)),""))} | D35: {=IF(OR($A32="",D$5=""),"",IFNA(INDEX(DATA_LOG!$D:$D,MATCH(1,(DATA_LOG!$A:$A=$A32)*(TEXT(DATA_LOG!$B:$B,"yyyy-MM-dd")=TEXT(DATE($P$3,MONTH(1&$N$3),VALUE(LEFT(D$5,2))),"yyyy-MM-dd")),0)),""))} | E35: {=IF(OR($A32="",E$5=""),"",IFNA(INDEX(DATA_LOG!$D:$D,MATCH(1,(DATA_LOG!$A:$A=$A32)*(TEXT(DATA_LOG!$B:$B,"yyyy-MM-dd")=TEXT(DATE($P$3,MONTH(1&$N$3),VALUE(LEFT(E$5,2))),"yyyy-MM-dd")),0)),""))} | F35: {=IF(OR($A32="",F$5=""),"",IFNA(INDEX(DATA_LOG!$D:$D,MATCH(1,(DATA_LOG!$A:$A=$A32)*(TEXT(DATA_LOG!$B:$B,"yyyy-MM-dd")=TEXT(DATE($P$3,MONTH(1&$N$3),VALUE(LEFT(F$5,2))),"yyyy-MM-dd")),0)),""))} | G35: {=IF(OR($A32="",G$5=""),"",IFNA(INDEX(DATA_LOG!$D:$D,MATCH(1,(DATA_LOG!$A:$A=$A32)*(TEXT(DATA_LOG!$B:$B,"yyyy-MM-dd")=TEXT(DATE($P$3,MONTH(1&$N$3),VALUE(LEFT(G$5,2))),"yyyy-MM-dd")),0)),""))} | H35: {=IF(OR($A32="",H$5=""),"",IFNA(INDEX(DATA_LOG!$D:$D,MATCH(1,(DATA_LOG!$A:$A=$A32)*(TEXT(DATA_LOG!$B:$B,"yyyy-MM-dd")=TEXT(DATE($P$3,MONTH(1&$N$3),VALUE(LEFT(H$5,2))),"yyyy-MM-dd")),0)),""))} | I35: {=IF(OR($A32="",I$5=""),"",IFNA(INDEX(DATA_LOG!$D:$D,MATCH(1,(DATA_LOG!$A:$A=$A32)*(TEXT(DATA_LOG!$B:$B,"yyyy-MM-dd")=TEXT(DATE($P$3,MONTH(1&$N$3),VALUE(LEFT(I$5,2))),"yyyy-MM-dd")),0)),""))} | ... AF35: {=IF(OR($A32="",AF$5=""),"",IFNA(INDEX(DATA_LOG!$D:$D,MATCH(1,(DATA_LOG!$A:$A=$A32)*(TEXT(DATA_LOG!$B:$B,"yyyy-MM-dd")=TEXT(DATE($P$3,MONTH(1&$N$3),VALUE(LEFT(AF$5,2))),"yyyy-MM-dd")),0)),""))}
A36: =IF($A32="", "", "TOTAL") -> TOTAL | B36: =IF(OR(B34="",B35=""),"",B35-B34) | C36: =IF(OR(C34="",C35=""),"",C35-C34) | D36: =IF(OR(D34="",D35=""),"",D35-D34) | E36: =IF(OR(E34="",E35=""),"",E35-E34) | F36: =IF(OR(F34="",F35=""),"",F35-F34) | G36: =IF(OR(G34="",G35=""),"",G35-G34) | H36: =IF(OR(H34="",H35=""),"",H35-H34) | I36: =IF(OR(I34="",I35=""),"",I35-I34) | ... AF36: =IF(OR(AF34="",AF35=""),"",AF35-AF34)
A37: =IF($A32="", "", "STATUS") -> STATUS | B37: =IFERROR(__xludf.DUMMYFUNCTION("IF($A32="""","""",IF(B$33="""","""",LET(logStatus,IFNA(INDEX(DATA_LOG!$E:$E,MATCH(1,(DATA_LOG!$A:$A=$A32)*(TEXT(DATA_LOG!$B:$B,""yyyy-MM-dd"")=TEXT(DATE($P$3,MONTH(1&$N$3),VALUE(LEFT(B$33,2))),""yyyy-MM-dd"")),0)),""""),selectedDate,DATE($P$3,MONTH(1&$N$3"&"),VALUE(LEFT(B$33,2))),IF(logStatus<>"""",UPPER(logStatus),IF(selectedDate>TODAY(),""-"",IF(REGEXMATCH(B$33,""SUN""),""WO"",IF(B$36<>"""",IF(VALUE(B$36)>=9/24,""FD"",""HD""),""A"")))))))"),"A") -> A | C37: =IFERROR(__xludf.DUMMYFUNCTION("IF($A32="""","""",IF(C$33="""","""",LET(logStatus,IFNA(INDEX(DATA_LOG!$E:$E,MATCH(1,(DATA_LOG!$A:$A=$A32)*(TEXT(DATA_LOG!$B:$B,""yyyy-MM-dd"")=TEXT(DATE($P$3,MONTH(1&$N$3),VALUE(LEFT(C$33,2))),""yyyy-MM-dd"")),0)),""""),selectedDate,DATE($P$3,MONTH(1&$N$3"&"),VALUE(LEFT(C$33,2))),IF(logStatus<>"""",UPPER(logStatus),IF(selectedDate>TODAY(),""-"",IF(REGEXMATCH(C$33,""SUN""),""WO"",IF(C$36<>"""",IF(VALUE(C$36)>=9/24,""FD"",""HD""),""A"")))))))"),"A") -> A | D37: =IFERROR(__xludf.DUMMYFUNCTION("IF($A32="""","""",IF(D$33="""","""",LET(logStatus,IFNA(INDEX(DATA_LOG!$E:$E,MATCH(1,(DATA_LOG!$A:$A=$A32)*(TEXT(DATA_LOG!$B:$B,""yyyy-MM-dd"")=TEXT(DATE($P$3,MONTH(1&$N$3),VALUE(LEFT(D$33,2))),""yyyy-MM-dd"")),0)),""""),selectedDate,DATE($P$3,MONTH(1&$N$3"&"),VALUE(LEFT(D$33,2))),IF(logStatus<>"""",UPPER(logStatus),IF(selectedDate>TODAY(),""-"",IF(REGEXMATCH(D$33,""SUN""),""WO"",IF(D$36<>"""",IF(VALUE(D$36)>=9/24,""FD"",""HD""),""A"")))))))"),"A") -> A | E37: =IFERROR(__xludf.DUMMYFUNCTION("IF($A32="""","""",IF(E$33="""","""",LET(logStatus,IFNA(INDEX(DATA_LOG!$E:$E,MATCH(1,(DATA_LOG!$A:$A=$A32)*(TEXT(DATA_LOG!$B:$B,""yyyy-MM-dd"")=TEXT(DATE($P$3,MONTH(1&$N$3),VALUE(LEFT(E$33,2))),""yyyy-MM-dd"")),0)),""""),selectedDate,DATE($P$3,MONTH(1&$N$3"&"),VALUE(LEFT(E$33,2))),IF(logStatus<>"""",UPPER(logStatus),IF(selectedDate>TODAY(),""-"",IF(REGEXMATCH(E$33,""SUN""),""WO"",IF(E$36<>"""",IF(VALUE(E$36)>=9/24,""FD"",""HD""),""A"")))))))"),"A") -> A | F37: =IFERROR(__xludf.DUMMYFUNCTION("IF($A32="""","""",IF(F$33="""","""",LET(logStatus,IFNA(INDEX(DATA_LOG!$E:$E,MATCH(1,(DATA_LOG!$A:$A=$A32)*(TEXT(DATA_LOG!$B:$B,""yyyy-MM-dd"")=TEXT(DATE($P$3,MONTH(1&$N$3),VALUE(LEFT(F$33,2))),""yyyy-MM-dd"")),0)),""""),selectedDate,DATE($P$3,MONTH(1&$N$3"&"),VALUE(LEFT(F$33,2))),IF(logStatus<>"""",UPPER(logStatus),IF(selectedDate>TODAY(),""-"",IF(REGEXMATCH(F$33,""SUN""),""WO"",IF(F$36<>"""",IF(VALUE(F$36)>=9/24,""FD"",""HD""),""A"")))))))"),"A") -> A | G37: =IFERROR(__xludf.DUMMYFUNCTION("IF($A32="""","""",IF(G$33="""","""",LET(logStatus,IFNA(INDEX(DATA_LOG!$E:$E,MATCH(1,(DATA_LOG!$A:$A=$A32)*(TEXT(DATA_LOG!$B:$B,""yyyy-MM-dd"")=TEXT(DATE($P$3,MONTH(1&$N$3),VALUE(LEFT(G$33,2))),""yyyy-MM-dd"")),0)),""""),selectedDate,DATE($P$3,MONTH(1&$N$3"&"),VALUE(LEFT(G$33,2))),IF(logStatus<>"""",UPPER(logStatus),IF(selectedDate>TODAY(),""-"",IF(REGEXMATCH(G$33,""SUN""),""WO"",IF(G$36<>"""",IF(VALUE(G$36)>=9/24,""FD"",""HD""),""A"")))))))"),"WO") -> WO | H37: =IFERROR(__xludf.DUMMYFUNCTION("IF($A32="""","""",IF(H$33="""","""",LET(logStatus,IFNA(INDEX(DATA_LOG!$E:$E,MATCH(1,(DATA_LOG!$A:$A=$A32)*(TEXT(DATA_LOG!$B:$B,""yyyy-MM-dd"")=TEXT(DATE($P$3,MONTH(1&$N$3),VALUE(LEFT(H$33,2))),""yyyy-MM-dd"")),0)),""""),selectedDate,DATE($P$3,MONTH(1&$N$3"&"),VALUE(LEFT(H$33,2))),IF(logStatus<>"""",UPPER(logStatus),IF(selectedDate>TODAY(),""-"",IF(REGEXMATCH(H$33,""SUN""),""WO"",IF(H$36<>"""",IF(VALUE(H$36)>=9/24,""FD"",""HD""),""A"")))))))"),"A") -> A | I37: =IFERROR(__xludf.DUMMYFUNCTION("IF($A32="""","""",IF(I$33="""","""",LET(logStatus,IFNA(INDEX(DATA_LOG!$E:$E,MATCH(1,(DATA_LOG!$A:$A=$A32)*(TEXT(DATA_LOG!$B:$B,""yyyy-MM-dd"")=TEXT(DATE($P$3,MONTH(1&$N$3),VALUE(LEFT(I$33,2))),""yyyy-MM-dd"")),0)),""""),selectedDate,DATE($P$3,MONTH(1&$N$3"&"),VALUE(LEFT(I$33,2))),IF(logStatus<>"""",UPPER(logStatus),IF(selectedDate>TODAY(),""-"",IF(REGEXMATCH(I$33,""SUN""),""WO"",IF(I$36<>"""",IF(VALUE(I$36)>=9/24,""FD"",""HD""),""A"")))))))"),"A") -> A | J37: =IFERROR(__xludf.DUMMYFUNCTION("IF($A32="""","""",IF(J$33="""","""",LET(logStatus,IFNA(INDEX(DATA_LOG!$E:$E,MATCH(1,(DATA_LOG!$A:$A=$A32)*(TEXT(DATA_LOG!$B:$B,""yyyy-MM-dd"")=TEXT(DATE($P$3,MONTH(1&$N$3),VALUE(LEFT(J$33,2))),""yyyy-MM-dd"")),0)),""""),selectedDate,DATE($P$3,MONTH(1&$N$3"&"),VALUE(LEFT(J$33,2))),IF(logStatus<>"""",UPPER(logStatus),IF(selectedDate>TODAY(),""-"",IF(REGEXMATCH(J$33,""SUN""),""WO"",IF(J$36<>"""",IF(VALUE(J$36)>=9/24,""FD"",""HD""),""A"")))))))"),"A") -> A | K37: =IFERROR(__xludf.DUMMYFUNCTION("IF($A32="""","""",IF(K$33="""","""",LET(logStatus,IFNA(INDEX(DATA_LOG!$E:$E,MATCH(1,(DATA_LOG!$A:$A=$A32)*(TEXT(DATA_LOG!$B:$B,""yyyy-MM-dd"")=TEXT(DATE($P$3,MONTH(1&$N$3),VALUE(LEFT(K$33,2))),""yyyy-MM-dd"")),0)),""""),selectedDate,DATE($P$3,MONTH(1&$N$3"&"),VALUE(LEFT(K$33,2))),IF(logStatus<>"""",UPPER(logStatus),IF(selectedDate>TODAY(),""-"",IF(REGEXMATCH(K$33,""SUN""),""WO"",IF(K$36<>"""",IF(VALUE(K$36)>=9/24,""FD"",""HD""),""A"")))))))"),"A") -> A | L37: =IFERROR(__xludf.DUMMYFUNCTION("IF($A32="""","""",IF(L$33="""","""",LET(logStatus,IFNA(INDEX(DATA_LOG!$E:$E,MATCH(1,(DATA_LOG!$A:$A=$A32)*(TEXT(DATA_LOG!$B:$B,""yyyy-MM-dd"")=TEXT(DATE($P$3,MONTH(1&$N$3),VALUE(LEFT(L$33,2))),""yyyy-MM-dd"")),0)),""""),selectedDate,DATE($P$3,MONTH(1&$N$3"&"),VALUE(LEFT(L$33,2))),IF(logStatus<>"""",UPPER(logStatus),IF(selectedDate>TODAY(),""-"",IF(REGEXMATCH(L$33,""SUN""),""WO"",IF(L$36<>"""",IF(VALUE(L$36)>=9/24,""FD"",""HD""),""A"")))))))"),"A") -> A | M37: =IFERROR(__xludf.DUMMYFUNCTION("IF($A32="""","""",IF(M$33="""","""",LET(logStatus,IFNA(INDEX(DATA_LOG!$E:$E,MATCH(1,(DATA_LOG!$A:$A=$A32)*(TEXT(DATA_LOG!$B:$B,""yyyy-MM-dd"")=TEXT(DATE($P$3,MONTH(1&$N$3),VALUE(LEFT(M$33,2))),""yyyy-MM-dd"")),0)),""""),selectedDate,DATE($P$3,MONTH(1&$N$3"&"),VALUE(LEFT(M$33,2))),IF(logStatus<>"""",UPPER(logStatus),IF(selectedDate>TODAY(),""-"",IF(REGEXMATCH(M$33,""SUN""),""WO"",IF(M$36<>"""",IF(VALUE(M$36)>=9/24,""FD"",""HD""),""A"")))))))"),"-") -> - | N37: =IFERROR(__xludf.DUMMYFUNCTION("IF($A32="""","""",IF(N$33="""","""",LET(logStatus,IFNA(INDEX(DATA_LOG!$E:$E,MATCH(1,(DATA_LOG!$A:$A=$A32)*(TEXT(DATA_LOG!$B:$B,""yyyy-MM-dd"")=TEXT(DATE($P$3,MONTH(1&$N$3),VALUE(LEFT(N$33,2))),""yyyy-MM-dd"")),0)),""""),selectedDate,DATE($P$3,MONTH(1&$N$3"&"),VALUE(LEFT(N$33,2))),IF(logStatus<>"""",UPPER(logStatus),IF(selectedDate>TODAY(),""-"",IF(REGEXMATCH(N$33,""SUN""),""WO"",IF(N$36<>"""",IF(VALUE(N$36)>=9/24,""FD"",""HD""),""A"")))))))"),"-") -> - | O37: =IFERROR(__xludf.DUMMYFUNCTION("IF($A32="""","""",IF(O$33="""","""",LET(logStatus,IFNA(INDEX(DATA_LOG!$E:$E,MATCH(1,(DATA_LOG!$A:$A=$A32)*(TEXT(DATA_LOG!$B:$B,""yyyy-MM-dd"")=TEXT(DATE($P$3,MONTH(1&$N$3),VALUE(LEFT(O$33,2))),""yyyy-MM-dd"")),0)),""""),selectedDate,DATE($P$3,MONTH(1&$N$3"&"),VALUE(LEFT(O$33,2))),IF(logStatus<>"""",UPPER(logStatus),IF(selectedDate>TODAY(),""-"",IF(REGEXMATCH(O$33,""SUN""),""WO"",IF(O$36<>"""",IF(VALUE(O$36)>=9/24,""FD"",""HD""),""A"")))))))"),"-") -> - | P37: =IFERROR(__xludf.DUMMYFUNCTION("IF($A32="""","""",IF(P$33="""","""",LET(logStatus,IFNA(INDEX(DATA_LOG!$E:$E,MATCH(1,(DATA_LOG!$A:$A=$A32)*(TEXT(DATA_LOG!$B:$B,""yyyy-MM-dd"")=TEXT(DATE($P$3,MONTH(1&$N$3),VALUE(LEFT(P$33,2))),""yyyy-MM-dd"")),0)),""""),selectedDate,DATE($P$3,MONTH(1&$N$3"&"),VALUE(LEFT(P$33,2))),IF(logStatus<>"""",UPPER(logStatus),IF(selectedDate>TODAY(),""-"",IF(REGEXMATCH(P$33,""SUN""),""WO"",IF(P$36<>"""",IF(VALUE(P$36)>=9/24,""FD"",""HD""),""A"")))))))"),"-") -> - | Q37: =IFERROR(__xludf.DUMMYFUNCTION("IF($A32="""","""",IF(Q$33="""","""",LET(logStatus,IFNA(INDEX(DATA_LOG!$E:$E,MATCH(1,(DATA_LOG!$A:$A=$A32)*(TEXT(DATA_LOG!$B:$B,""yyyy-MM-dd"")=TEXT(DATE($P$3,MONTH(1&$N$3),VALUE(LEFT(Q$33,2))),""yyyy-MM-dd"")),0)),""""),selectedDate,DATE($P$3,MONTH(1&$N$3"&"),VALUE(LEFT(Q$33,2))),IF(logStatus<>"""",UPPER(logStatus),IF(selectedDate>TODAY(),""-"",IF(REGEXMATCH(Q$33,""SUN""),""WO"",IF(Q$36<>"""",IF(VALUE(Q$36)>=9/24,""FD"",""HD""),""A"")))))))"),"-") -> - | R37: =IFERROR(__xludf.DUMMYFUNCTION("IF($A32="""","""",IF(R$33="""","""",LET(logStatus,IFNA(INDEX(DATA_LOG!$E:$E,MATCH(1,(DATA_LOG!$A:$A=$A32)*(TEXT(DATA_LOG!$B:$B,""yyyy-MM-dd"")=TEXT(DATE($P$3,MONTH(1&$N$3),VALUE(LEFT(R$33,2))),""yyyy-MM-dd"")),0)),""""),selectedDate,DATE($P$3,MONTH(1&$N$3"&"),VALUE(LEFT(R$33,2))),IF(logStatus<>"""",UPPER(logStatus),IF(selectedDate>TODAY(),""-"",IF(REGEXMATCH(R$33,""SUN""),""WO"",IF(R$36<>"""",IF(VALUE(R$36)>=9/24,""FD"",""HD""),""A"")))))))"),"-") -> - | S37: =IFERROR(__xludf.DUMMYFUNCTION("IF($A32="""","""",IF(S$33="""","""",LET(logStatus,IFNA(INDEX(DATA_LOG!$E:$E,MATCH(1,(DATA_LOG!$A:$A=$A32)*(TEXT(DATA_LOG!$B:$B,""yyyy-MM-dd"")=TEXT(DATE($P$3,MONTH(1&$N$3),VALUE(LEFT(S$33,2))),""yyyy-MM-dd"")),0)),""""),selectedDate,DATE($P$3,MONTH(1&$N$3"&"),VALUE(LEFT(S$33,2))),IF(logStatus<>"""",UPPER(logStatus),IF(selectedDate>TODAY(),""-"",IF(REGEXMATCH(S$33,""SUN""),""WO"",IF(S$36<>"""",IF(VALUE(S$36)>=9/24,""FD"",""HD""),""A"")))))))"),"-") -> - | T37: =IFERROR(__xludf.DUMMYFUNCTION("IF($A32="""","""",IF(T$33="""","""",LET(logStatus,IFNA(INDEX(DATA_LOG!$E:$E,MATCH(1,(DATA_LOG!$A:$A=$A32)*(TEXT(DATA_LOG!$B:$B,""yyyy-MM-dd"")=TEXT(DATE($P$3,MONTH(1&$N$3),VALUE(LEFT(T$33,2))),""yyyy-MM-dd"")),0)),""""),selectedDate,DATE($P$3,MONTH(1&$N$3"&"),VALUE(LEFT(T$33,2))),IF(logStatus<>"""",UPPER(logStatus),IF(selectedDate>TODAY(),""-"",IF(REGEXMATCH(T$33,""SUN""),""WO"",IF(T$36<>"""",IF(VALUE(T$36)>=9/24,""FD"",""HD""),""A"")))))))"),"-") -> - | U37: =IFERROR(__xludf.DUMMYFUNCTION("IF($A32="""","""",IF(U$33="""","""",LET(logStatus,IFNA(INDEX(DATA_LOG!$E:$E,MATCH(1,(DATA_LOG!$A:$A=$A32)*(TEXT(DATA_LOG!$B:$B,""yyyy-MM-dd"")=TEXT(DATE($P$3,MONTH(1&$N$3),VALUE(LEFT(U$33,2))),""yyyy-MM-dd"")),0)),""""),selectedDate,DATE($P$3,MONTH(1&$N$3"&"),VALUE(LEFT(U$33,2))),IF(logStatus<>"""",UPPER(logStatus),IF(selectedDate>TODAY(),""-"",IF(REGEXMATCH(U$33,""SUN""),""WO"",IF(U$36<>"""",IF(VALUE(U$36)>=9/24,""FD"",""HD""),""A"")))))))"),"-") -> - | V37: =IFERROR(__xludf.DUMMYFUNCTION("IF($A32="""","""",IF(V$33="""","""",LET(logStatus,IFNA(INDEX(DATA_LOG!$E:$E,MATCH(1,(DATA_LOG!$A:$A=$A32)*(TEXT(DATA_LOG!$B:$B,""yyyy-MM-dd"")=TEXT(DATE($P$3,MONTH(1&$N$3),VALUE(LEFT(V$33,2))),""yyyy-MM-dd"")),0)),""""),selectedDate,DATE($P$3,MONTH(1&$N$3"&"),VALUE(LEFT(V$33,2))),IF(logStatus<>"""",UPPER(logStatus),IF(selectedDate>TODAY(),""-"",IF(REGEXMATCH(V$33,""SUN""),""WO"",IF(V$36<>"""",IF(VALUE(V$36)>=9/24,""FD"",""HD""),""A"")))))))"),"-") -> - | W37: =IFERROR(__xludf.DUMMYFUNCTION("IF($A32="""","""",IF(W$33="""","""",LET(logStatus,IFNA(INDEX(DATA_LOG!$E:$E,MATCH(1,(DATA_LOG!$A:$A=$A32)*(TEXT(DATA_LOG!$B:$B,""yyyy-MM-dd"")=TEXT(DATE($P$3,MONTH(1&$N$3),VALUE(LEFT(W$33,2))),""yyyy-MM-dd"")),0)),""""),selectedDate,DATE($P$3,MONTH(1&$N$3"&"),VALUE(LEFT(W$33,2))),IF(logStatus<>"""",UPPER(logStatus),IF(selectedDate>TODAY(),""-"",IF(REGEXMATCH(W$33,""SUN""),""WO"",IF(W$36<>"""",IF(VALUE(W$36)>=9/24,""FD"",""HD""),""A"")))))))"),"-") -> - | X37: =IFERROR(__xludf.DUMMYFUNCTION("IF($A32="""","""",IF(X$33="""","""",LET(logStatus,IFNA(INDEX(DATA_LOG!$E:$E,MATCH(1,(DATA_LOG!$A:$A=$A32)*(TEXT(DATA_LOG!$B:$B,""yyyy-MM-dd"")=TEXT(DATE($P$3,MONTH(1&$N$3),VALUE(LEFT(X$33,2))),""yyyy-MM-dd"")),0)),""""),selectedDate,DATE($P$3,MONTH(1&$N$3"&"),VALUE(LEFT(X$33,2))),IF(logStatus<>"""",UPPER(logStatus),IF(selectedDate>TODAY(),""-"",IF(REGEXMATCH(X$33,""SUN""),""WO"",IF(X$36<>"""",IF(VALUE(X$36)>=9/24,""FD"",""HD""),""A"")))))))"),"-") -> - | Y37: =IFERROR(__xludf.DUMMYFUNCTION("IF($A32="""","""",IF(Y$33="""","""",LET(logStatus,IFNA(INDEX(DATA_LOG!$E:$E,MATCH(1,(DATA_LOG!$A:$A=$A32)*(TEXT(DATA_LOG!$B:$B,""yyyy-MM-dd"")=TEXT(DATE($P$3,MONTH(1&$N$3),VALUE(LEFT(Y$33,2))),""yyyy-MM-dd"")),0)),""""),selectedDate,DATE($P$3,MONTH(1&$N$3"&"),VALUE(LEFT(Y$33,2))),IF(logStatus<>"""",UPPER(logStatus),IF(selectedDate>TODAY(),""-"",IF(REGEXMATCH(Y$33,""SUN""),""WO"",IF(Y$36<>"""",IF(VALUE(Y$36)>=9/24,""FD"",""HD""),""A"")))))))"),"-") -> - | Z37: =IFERROR(__xludf.DUMMYFUNCTION("IF($A32="""","""",IF(Z$33="""","""",LET(logStatus,IFNA(INDEX(DATA_LOG!$E:$E,MATCH(1,(DATA_LOG!$A:$A=$A32)*(TEXT(DATA_LOG!$B:$B,""yyyy-MM-dd"")=TEXT(DATE($P$3,MONTH(1&$N$3),VALUE(LEFT(Z$33,2))),""yyyy-MM-dd"")),0)),""""),selectedDate,DATE($P$3,MONTH(1&$N$3"&"),VALUE(LEFT(Z$33,2))),IF(logStatus<>"""",UPPER(logStatus),IF(selectedDate>TODAY(),""-"",IF(REGEXMATCH(Z$33,""SUN""),""WO"",IF(Z$36<>"""",IF(VALUE(Z$36)>=9/24,""FD"",""HD""),""A"")))))))"),"-") -> - | AA37: =IFERROR(__xludf.DUMMYFUNCTION("IF($A32="""","""",IF(AA$33="""","""",LET(logStatus,IFNA(INDEX(DATA_LOG!$E:$E,MATCH(1,(DATA_LOG!$A:$A=$A32)*(TEXT(DATA_LOG!$B:$B,""yyyy-MM-dd"")=TEXT(DATE($P$3,MONTH(1&$N$3),VALUE(LEFT(AA$33,2))),""yyyy-MM-dd"")),0)),""""),selectedDate,DATE($P$3,MONTH(1&$N"&"$3),VALUE(LEFT(AA$33,2))),IF(logStatus<>"""",UPPER(logStatus),IF(selectedDate>TODAY(),""-"",IF(REGEXMATCH(AA$33,""SUN""),""WO"",IF(AA$36<>"""",IF(VALUE(AA$36)>=9/24,""FD"",""HD""),""A"")))))))"),"-") -> - | AB37: =IFERROR(__xludf.DUMMYFUNCTION("IF($A32="""","""",IF(AB$33="""","""",LET(logStatus,IFNA(INDEX(DATA_LOG!$E:$E,MATCH(1,(DATA_LOG!$A:$A=$A32)*(TEXT(DATA_LOG!$B:$B,""yyyy-MM-dd"")=TEXT(DATE($P$3,MONTH(1&$N$3),VALUE(LEFT(AB$33,2))),""yyyy-MM-dd"")),0)),""""),selectedDate,DATE($P$3,MONTH(1&$N"&"$3),VALUE(LEFT(AB$33,2))),IF(logStatus<>"""",UPPER(logStatus),IF(selectedDate>TODAY(),""-"",IF(REGEXMATCH(AB$33,""SUN""),""WO"",IF(AB$36<>"""",IF(VALUE(AB$36)>=9/24,""FD"",""HD""),""A"")))))))"),"-") -> - | AC37: =IFERROR(__xludf.DUMMYFUNCTION("IF($A32="""","""",IF(AC$33="""","""",LET(logStatus,IFNA(INDEX(DATA_LOG!$E:$E,MATCH(1,(DATA_LOG!$A:$A=$A32)*(TEXT(DATA_LOG!$B:$B,""yyyy-MM-dd"")=TEXT(DATE($P$3,MONTH(1&$N$3),VALUE(LEFT(AC$33,2))),""yyyy-MM-dd"")),0)),""""),selectedDate,DATE($P$3,MONTH(1&$N"&"$3),VALUE(LEFT(AC$33,2))),IF(logStatus<>"""",UPPER(logStatus),IF(selectedDate>TODAY(),""-"",IF(REGEXMATCH(AC$33,""SUN""),""WO"",IF(AC$36<>"""",IF(VALUE(AC$36)>=9/24,""FD"",""HD""),""A"")))))))"),"-") -> - | AD37: =IFERROR(__xludf.DUMMYFUNCTION("IF($A32="""","""",IF(AD$33="""","""",LET(logStatus,IFNA(INDEX(DATA_LOG!$E:$E,MATCH(1,(DATA_LOG!$A:$A=$A32)*(TEXT(DATA_LOG!$B:$B,""yyyy-MM-dd"")=TEXT(DATE($P$3,MONTH(1&$N$3),VALUE(LEFT(AD$33,2))),""yyyy-MM-dd"")),0)),""""),selectedDate,DATE($P$3,MONTH(1&$N"&"$3),VALUE(LEFT(AD$33,2))),IF(logStatus<>"""",UPPER(logStatus),IF(selectedDate>TODAY(),""-"",IF(REGEXMATCH(AD$33,""SUN""),""WO"",IF(AD$36<>"""",IF(VALUE(AD$36)>=9/24,""FD"",""HD""),""A"")))))))"),"-") -> - | AE37: =IFERROR(__xludf.DUMMYFUNCTION("IF($A32="""","""",IF(AE$33="""","""",LET(logStatus,IFNA(INDEX(DATA_LOG!$E:$E,MATCH(1,(DATA_LOG!$A:$A=$A32)*(TEXT(DATA_LOG!$B:$B,""yyyy-MM-dd"")=TEXT(DATE($P$3,MONTH(1&$N$3),VALUE(LEFT(AE$33,2))),""yyyy-MM-dd"")),0)),""""),selectedDate,DATE($P$3,MONTH(1&$N"&"$3),VALUE(LEFT(AE$33,2))),IF(logStatus<>"""",UPPER(logStatus),IF(selectedDate>TODAY(),""-"",IF(REGEXMATCH(AE$33,""SUN""),""WO"",IF(AE$36<>"""",IF(VALUE(AE$36)>=9/24,""FD"",""HD""),""A"")))))))"),"-") -> - | AF37: =IFERROR(__xludf.DUMMYFUNCTION("IF($A32="""","""",IF(AF$33="""","""",LET(logStatus,IFNA(INDEX(DATA_LOG!$E:$E,MATCH(1,(DATA_LOG!$A:$A=$A32)*(TEXT(DATA_LOG!$B:$B,""yyyy-MM-dd"")=TEXT(DATE($P$3,MONTH(1&$N$3),VALUE(LEFT(AF$33,2))),""yyyy-MM-dd"")),0)),""""),selectedDate,DATE($P$3,MONTH(1&$N"&"$3),VALUE(LEFT(AF$33,2))),IF(logStatus<>"""",UPPER(logStatus),IF(selectedDate>TODAY(),""-"",IF(REGEXMATCH(AF$33,""SUN""),""WO"",IF(AF$36<>"""",IF(VALUE(AF$36)>=9/24,""FD"",""HD""),""A"")))))))"),"")
A39: {=INDEX(EMPLOYEE_LIST!$A:$A,INT((ROW()-4)/7)+2)} -> BIMOL SINGH | D39: =IF(A39="", "", IFERROR(VLOOKUP(A39, EMPLOYEE_LIST!$A:$H, 2, FALSE), "")) -> AYV-37 | H39: =IF(A39="", "", IFERROR(VLOOKUP(A39, EMPLOYEE_LIST!$A:$H, 3, FALSE), "")) -> SUPERVISOR | L39: =IF(A39="", "", IFERROR(VLOOKUP(A39, EMPLOYEE_LIST!$A:$H, 4, FALSE), "")) -> SUPERVISOR | P39: =IF($A39="", "", "Full Day: " & COUNTIF(B44:AF44, "FD")) -> Full Day: 0 | S39: =IF($A39="", "", "HALF Day: " & COUNTIF(B44:AF44, "HD")) -> HALF Day: 0 | V39: =IF($A39="", "", "ABSENT: " & COUNTIF(B44:AF44, "A")) -> ABSENT: 10 | Y39: =IF($A39="", "", "WEEK OFF: " & COUNTIF(B44:AF44, "WO")) -> WEEK OFF: 1 | AB39: =IF($A39="", "", "LEAVE: " & COUNTIF(B44:AF44, "L")) -> LEAVE: 0 | AD39: =IF($A39="", "", "HOLIDAY: " & COUNTIF(B44:AF44, "HL")) -> HOLIDAY: 0
A40: =IF($A39="", "", "DATE") -> DATE | B40: {=IF($A39="","",LET(mNum,MONTH(1&$N$3),start,DATE($P$3,mNum,1),days,DAY(EOMONTH(start,0)),MAP(SEQUENCE(1,days,0),LAMBDA(n,UPPER(TEXT(start+n,"dd (ddd)"))))))} -> 01 (TUE) | C40: 02 (WED) | D40: 03 (THU) | E40: 04 (FRI) | F40: 05 (SAT) | G40: 06 (SUN) | H40: 07 (MON) | I40: 08 (TUE) | J40: 09 (WED) | K40: 10 (THU) | L40: 11 (FRI) | M40: 12 (SAT) | N40: 13 (SUN) | O40: 14 (MON) | P40: 15 (TUE) | Q40: 16 (WED) | R40: 17 (THU) | S40: 18 (FRI) | T40: 19 (SAT) | U40: 20 (SUN) | V40: 21 (MON) | W40: 22 (TUE) | X40: 23 (WED) | Y40: 24 (THU) | Z40: 25 (FRI) | AA40: 26 (SAT) | AB40: 27 (SUN) | AC40: 28 (MON) | AD40: 29 (TUE) | AE40: 30 (WED)
A41: =IF($A39="", "", "IN") -> IN | B41: {=IF(OR($A39="",B$5=""),"",IFNA(INDEX(DATA_LOG!$C:$C,MATCH(1,(DATA_LOG!$A:$A=$A39)*(TEXT(DATA_LOG!$B:$B,"yyyy-MM-dd")=TEXT(DATE($P$3,MONTH(1&$N$3),VALUE(LEFT(B$5,2))),"yyyy-MM-dd")),0)),""))} | C41: {=IF(OR($A39="",C$5=""),"",IFNA(INDEX(DATA_LOG!$C:$C,MATCH(1,(DATA_LOG!$A:$A=$A39)*(TEXT(DATA_LOG!$B:$B,"yyyy-MM-dd")=TEXT(DATE($P$3,MONTH(1&$N$3),VALUE(LEFT(C$5,2))),"yyyy-MM-dd")),0)),""))} | D41: {=IF(OR($A39="",D$5=""),"",IFNA(INDEX(DATA_LOG!$C:$C,MATCH(1,(DATA_LOG!$A:$A=$A39)*(TEXT(DATA_LOG!$B:$B,"yyyy-MM-dd")=TEXT(DATE($P$3,MONTH(1&$N$3),VALUE(LEFT(D$5,2))),"yyyy-MM-dd")),0)),""))} | E41: {=IF(OR($A39="",E$5=""),"",IFNA(INDEX(DATA_LOG!$C:$C,MATCH(1,(DATA_LOG!$A:$A=$A39)*(TEXT(DATA_LOG!$B:$B,"yyyy-MM-dd")=TEXT(DATE($P$3,MONTH(1&$N$3),VALUE(LEFT(E$5,2))),"yyyy-MM-dd")),0)),""))} | F41: {=IF(OR($A39="",F$5=""),"",IFNA(INDEX(DATA_LOG!$C:$C,MATCH(1,(DATA_LOG!$A:$A=$A39)*(TEXT(DATA_LOG!$B:$B,"yyyy-MM-dd")=TEXT(DATE($P$3,MONTH(1&$N$3),VALUE(LEFT(F$5,2))),"yyyy-MM-dd")),0)),""))} | G41: {=IF(OR($A39="",G$5=""),"",IFNA(INDEX(DATA_LOG!$C:$C,MATCH(1,(DATA_LOG!$A:$A=$A39)*(TEXT(DATA_LOG!$B:$B,"yyyy-MM-dd")=TEXT(DATE($P$3,MONTH(1&$N$3),VALUE(LEFT(G$5,2))),"yyyy-MM-dd")),0)),""))} | H41: {=IF(OR($A39="",H$5=""),"",IFNA(INDEX(DATA_LOG!$C:$C,MATCH(1,(DATA_LOG!$A:$A=$A39)*(TEXT(DATA_LOG!$B:$B,"yyyy-MM-dd")=TEXT(DATE($P$3,MONTH(1&$N$3),VALUE(LEFT(H$5,2))),"yyyy-MM-dd")),0)),""))} | I41: {=IF(OR($A39="",I$5=""),"",IFNA(INDEX(DATA_LOG!$C:$C,MATCH(1,(DATA_LOG!$A:$A=$A39)*(TEXT(DATA_LOG!$B:$B,"yyyy-MM-dd")=TEXT(DATE($P$3,MONTH(1&$N$3),VALUE(LEFT(I$5,2))),"yyyy-MM-dd")),0)),""))} | ... AF41: {=IF(OR($A39="",AF$5=""),"",IFNA(INDEX(DATA_LOG!$C:$C,MATCH(1,(DATA_LOG!$A:$A=$A39)*(TEXT(DATA_LOG!$B:$B,"yyyy-MM-dd")=TEXT(DATE($P$3,MONTH(1&$N$3),VALUE(LEFT(AF$5,2))),"yyyy-MM-dd")),0)),""))}
A42: =IF($A39="", "", "OUT") -> OUT | B42: {=IF(OR($A39="",B$5=""),"",IFNA(INDEX(DATA_LOG!$D:$D,MATCH(1,(DATA_LOG!$A:$A=$A39)*(TEXT(DATA_LOG!$B:$B,"yyyy-MM-dd")=TEXT(DATE($P$3,MONTH(1&$N$3),VALUE(LEFT(B$5,2))),"yyyy-MM-dd")),0)),""))} | C42: {=IF(OR($A39="",C$5=""),"",IFNA(INDEX(DATA_LOG!$D:$D,MATCH(1,(DATA_LOG!$A:$A=$A39)*(TEXT(DATA_LOG!$B:$B,"yyyy-MM-dd")=TEXT(DATE($P$3,MONTH(1&$N$3),VALUE(LEFT(C$5,2))),"yyyy-MM-dd")),0)),""))} | D42: {=IF(OR($A39="",D$5=""),"",IFNA(INDEX(DATA_LOG!$D:$D,MATCH(1,(DATA_LOG!$A:$A=$A39)*(TEXT(DATA_LOG!$B:$B,"yyyy-MM-dd")=TEXT(DATE($P$3,MONTH(1&$N$3),VALUE(LEFT(D$5,2))),"yyyy-MM-dd")),0)),""))} | E42: {=IF(OR($A39="",E$5=""),"",IFNA(INDEX(DATA_LOG!$D:$D,MATCH(1,(DATA_LOG!$A:$A=$A39)*(TEXT(DATA_LOG!$B:$B,"yyyy-MM-dd")=TEXT(DATE($P$3,MONTH(1&$N$3),VALUE(LEFT(E$5,2))),"yyyy-MM-dd")),0)),""))} | F42: {=IF(OR($A39="",F$5=""),"",IFNA(INDEX(DATA_LOG!$D:$D,MATCH(1,(DATA_LOG!$A:$A=$A39)*(TEXT(DATA_LOG!$B:$B,"yyyy-MM-dd")=TEXT(DATE($P$3,MONTH(1&$N$3),VALUE(LEFT(F$5,2))),"yyyy-MM-dd")),0)),""))} | G42: {=IF(OR($A39="",G$5=""),"",IFNA(INDEX(DATA_LOG!$D:$D,MATCH(1,(DATA_LOG!$A:$A=$A39)*(TEXT(DATA_LOG!$B:$B,"yyyy-MM-dd")=TEXT(DATE($P$3,MONTH(1&$N$3),VALUE(LEFT(G$5,2))),"yyyy-MM-dd")),0)),""))} | H42: {=IF(OR($A39="",H$5=""),"",IFNA(INDEX(DATA_LOG!$D:$D,MATCH(1,(DATA_LOG!$A:$A=$A39)*(TEXT(DATA_LOG!$B:$B,"yyyy-MM-dd")=TEXT(DATE($P$3,MONTH(1&$N$3),VALUE(LEFT(H$5,2))),"yyyy-MM-dd")),0)),""))} | I42: {=IF(OR($A39="",I$5=""),"",IFNA(INDEX(DATA_LOG!$D:$D,MATCH(1,(DATA_LOG!$A:$A=$A39)*(TEXT(DATA_LOG!$B:$B,"yyyy-MM-dd")=TEXT(DATE($P$3,MONTH(1&$N$3),VALUE(LEFT(I$5,2))),"yyyy-MM-dd")),0)),""))} | ... AF42: {=IF(OR($A39="",AF$5=""),"",IFNA(INDEX(DATA_LOG!$D:$D,MATCH(1,(DATA_LOG!$A:$A=$A39)*(TEXT(DATA_LOG!$B:$B,"yyyy-MM-dd")=TEXT(DATE($P$3,MONTH(1&$N$3),VALUE(LEFT(AF$5,2))),"yyyy-MM-dd")),0)),""))}
A43: =IF($A39="", "", "TOTAL") -> TOTAL | B43: =IF(OR(B41="",B42=""),"",B42-B41) | C43: =IF(OR(C41="",C42=""),"",C42-C41) | D43: =IF(OR(D41="",D42=""),"",D42-D41) | E43: =IF(OR(E41="",E42=""),"",E42-E41) | F43: =IF(OR(F41="",F42=""),"",F42-F41) | G43: =IF(OR(G41="",G42=""),"",G42-G41) | H43: =IF(OR(H41="",H42=""),"",H42-H41) | I43: =IF(OR(I41="",I42=""),"",I42-I41) | ... AF43: =IF(OR(AF41="",AF42=""),"",AF42-AF41)
A44: =IF($A39="", "", "STATUS") -> STATUS | B44: =IFERROR(__xludf.DUMMYFUNCTION("IF($A39="""","""",IF(B$40="""","""",LET(logStatus,IFNA(INDEX(DATA_LOG!$E:$E,MATCH(1,(DATA_LOG!$A:$A=$A39)*(TEXT(DATA_LOG!$B:$B,""yyyy-MM-dd"")=TEXT(DATE($P$3,MONTH(1&$N$3),VALUE(LEFT(B$40,2))),""yyyy-MM-dd"")),0)),""""),selectedDate,DATE($P$3,MONTH(1&$N$3"&"),VALUE(LEFT(B$40,2))),IF(logStatus<>"""",UPPER(logStatus),IF(selectedDate>TODAY(),""-"",IF(REGEXMATCH(B$40,""SUN""),""WO"",IF(B$43<>"""",IF(VALUE(B$43)>=9/24,""FD"",""HD""),""A"")))))))"),"A") -> A | C44: =IFERROR(__xludf.DUMMYFUNCTION("IF($A39="""","""",IF(C$40="""","""",LET(logStatus,IFNA(INDEX(DATA_LOG!$E:$E,MATCH(1,(DATA_LOG!$A:$A=$A39)*(TEXT(DATA_LOG!$B:$B,""yyyy-MM-dd"")=TEXT(DATE($P$3,MONTH(1&$N$3),VALUE(LEFT(C$40,2))),""yyyy-MM-dd"")),0)),""""),selectedDate,DATE($P$3,MONTH(1&$N$3"&"),VALUE(LEFT(C$40,2))),IF(logStatus<>"""",UPPER(logStatus),IF(selectedDate>TODAY(),""-"",IF(REGEXMATCH(C$40,""SUN""),""WO"",IF(C$43<>"""",IF(VALUE(C$43)>=9/24,""FD"",""HD""),""A"")))))))"),"A") -> A | D44: =IFERROR(__xludf.DUMMYFUNCTION("IF($A39="""","""",IF(D$40="""","""",LET(logStatus,IFNA(INDEX(DATA_LOG!$E:$E,MATCH(1,(DATA_LOG!$A:$A=$A39)*(TEXT(DATA_LOG!$B:$B,""yyyy-MM-dd"")=TEXT(DATE($P$3,MONTH(1&$N$3),VALUE(LEFT(D$40,2))),""yyyy-MM-dd"")),0)),""""),selectedDate,DATE($P$3,MONTH(1&$N$3"&"),VALUE(LEFT(D$40,2))),IF(logStatus<>"""",UPPER(logStatus),IF(selectedDate>TODAY(),""-"",IF(REGEXMATCH(D$40,""SUN""),""WO"",IF(D$43<>"""",IF(VALUE(D$43)>=9/24,""FD"",""HD""),""A"")))))))"),"A") -> A | E44: =IFERROR(__xludf.DUMMYFUNCTION("IF($A39="""","""",IF(E$40="""","""",LET(logStatus,IFNA(INDEX(DATA_LOG!$E:$E,MATCH(1,(DATA_LOG!$A:$A=$A39)*(TEXT(DATA_LOG!$B:$B,""yyyy-MM-dd"")=TEXT(DATE($P$3,MONTH(1&$N$3),VALUE(LEFT(E$40,2))),""yyyy-MM-dd"")),0)),""""),selectedDate,DATE($P$3,MONTH(1&$N$3"&"),VALUE(LEFT(E$40,2))),IF(logStatus<>"""",UPPER(logStatus),IF(selectedDate>TODAY(),""-"",IF(REGEXMATCH(E$40,""SUN""),""WO"",IF(E$43<>"""",IF(VALUE(E$43)>=9/24,""FD"",""HD""),""A"")))))))"),"A") -> A | F44: =IFERROR(__xludf.DUMMYFUNCTION("IF($A39="""","""",IF(F$40="""","""",LET(logStatus,IFNA(INDEX(DATA_LOG!$E:$E,MATCH(1,(DATA_LOG!$A:$A=$A39)*(TEXT(DATA_LOG!$B:$B,""yyyy-MM-dd"")=TEXT(DATE($P$3,MONTH(1&$N$3),VALUE(LEFT(F$40,2))),""yyyy-MM-dd"")),0)),""""),selectedDate,DATE($P$3,MONTH(1&$N$3"&"),VALUE(LEFT(F$40,2))),IF(logStatus<>"""",UPPER(logStatus),IF(selectedDate>TODAY(),""-"",IF(REGEXMATCH(F$40,""SUN""),""WO"",IF(F$43<>"""",IF(VALUE(F$43)>=9/24,""FD"",""HD""),""A"")))))))"),"A") -> A | G44: =IFERROR(__xludf.DUMMYFUNCTION("IF($A39="""","""",IF(G$40="""","""",LET(logStatus,IFNA(INDEX(DATA_LOG!$E:$E,MATCH(1,(DATA_LOG!$A:$A=$A39)*(TEXT(DATA_LOG!$B:$B,""yyyy-MM-dd"")=TEXT(DATE($P$3,MONTH(1&$N$3),VALUE(LEFT(G$40,2))),""yyyy-MM-dd"")),0)),""""),selectedDate,DATE($P$3,MONTH(1&$N$3"&"),VALUE(LEFT(G$40,2))),IF(logStatus<>"""",UPPER(logStatus),IF(selectedDate>TODAY(),""-"",IF(REGEXMATCH(G$40,""SUN""),""WO"",IF(G$43<>"""",IF(VALUE(G$43)>=9/24,""FD"",""HD""),""A"")))))))"),"WO") -> WO | H44: =IFERROR(__xludf.DUMMYFUNCTION("IF($A39="""","""",IF(H$40="""","""",LET(logStatus,IFNA(INDEX(DATA_LOG!$E:$E,MATCH(1,(DATA_LOG!$A:$A=$A39)*(TEXT(DATA_LOG!$B:$B,""yyyy-MM-dd"")=TEXT(DATE($P$3,MONTH(1&$N$3),VALUE(LEFT(H$40,2))),""yyyy-MM-dd"")),0)),""""),selectedDate,DATE($P$3,MONTH(1&$N$3"&"),VALUE(LEFT(H$40,2))),IF(logStatus<>"""",UPPER(logStatus),IF(selectedDate>TODAY(),""-"",IF(REGEXMATCH(H$40,""SUN""),""WO"",IF(H$43<>"""",IF(VALUE(H$43)>=9/24,""FD"",""HD""),""A"")))))))"),"A") -> A | I44: =IFERROR(__xludf.DUMMYFUNCTION("IF($A39="""","""",IF(I$40="""","""",LET(logStatus,IFNA(INDEX(DATA_LOG!$E:$E,MATCH(1,(DATA_LOG!$A:$A=$A39)*(TEXT(DATA_LOG!$B:$B,""yyyy-MM-dd"")=TEXT(DATE($P$3,MONTH(1&$N$3),VALUE(LEFT(I$40,2))),""yyyy-MM-dd"")),0)),""""),selectedDate,DATE($P$3,MONTH(1&$N$3"&"),VALUE(LEFT(I$40,2))),IF(logStatus<>"""",UPPER(logStatus),IF(selectedDate>TODAY(),""-"",IF(REGEXMATCH(I$40,""SUN""),""WO"",IF(I$43<>"""",IF(VALUE(I$43)>=9/24,""FD"",""HD""),""A"")))))))"),"A") -> A | J44: =IFERROR(__xludf.DUMMYFUNCTION("IF($A39="""","""",IF(J$40="""","""",LET(logStatus,IFNA(INDEX(DATA_LOG!$E:$E,MATCH(1,(DATA_LOG!$A:$A=$A39)*(TEXT(DATA_LOG!$B:$B,""yyyy-MM-dd"")=TEXT(DATE($P$3,MONTH(1&$N$3),VALUE(LEFT(J$40,2))),""yyyy-MM-dd"")),0)),""""),selectedDate,DATE($P$3,MONTH(1&$N$3"&"),VALUE(LEFT(J$40,2))),IF(logStatus<>"""",UPPER(logStatus),IF(selectedDate>TODAY(),""-"",IF(REGEXMATCH(J$40,""SUN""),""WO"",IF(J$43<>"""",IF(VALUE(J$43)>=9/24,""FD"",""HD""),""A"")))))))"),"A") -> A | K44: =IFERROR(__xludf.DUMMYFUNCTION("IF($A39="""","""",IF(K$40="""","""",LET(logStatus,IFNA(INDEX(DATA_LOG!$E:$E,MATCH(1,(DATA_LOG!$A:$A=$A39)*(TEXT(DATA_LOG!$B:$B,""yyyy-MM-dd"")=TEXT(DATE($P$3,MONTH(1&$N$3),VALUE(LEFT(K$40,2))),""yyyy-MM-dd"")),0)),""""),selectedDate,DATE($P$3,MONTH(1&$N$3"&"),VALUE(LEFT(K$40,2))),IF(logStatus<>"""",UPPER(logStatus),IF(selectedDate>TODAY(),""-"",IF(REGEXMATCH(K$40,""SUN""),""WO"",IF(K$43<>"""",IF(VALUE(K$43)>=9/24,""FD"",""HD""),""A"")))))))"),"A") -> A | L44: =IFERROR(__xludf.DUMMYFUNCTION("IF($A39="""","""",IF(L$40="""","""",LET(logStatus,IFNA(INDEX(DATA_LOG!$E:$E,MATCH(1,(DATA_LOG!$A:$A=$A39)*(TEXT(DATA_LOG!$B:$B,""yyyy-MM-dd"")=TEXT(DATE($P$3,MONTH(1&$N$3),VALUE(LEFT(L$40,2))),""yyyy-MM-dd"")),0)),""""),selectedDate,DATE($P$3,MONTH(1&$N$3"&"),VALUE(LEFT(L$40,2))),IF(logStatus<>"""",UPPER(logStatus),IF(selectedDate>TODAY(),""-"",IF(REGEXMATCH(L$40,""SUN""),""WO"",IF(L$43<>"""",IF(VALUE(L$43)>=9/24,""FD"",""HD""),""A"")))))))"),"A") -> A | M44: =IFERROR(__xludf.DUMMYFUNCTION("IF($A39="""","""",IF(M$40="""","""",LET(logStatus,IFNA(INDEX(DATA_LOG!$E:$E,MATCH(1,(DATA_LOG!$A:$A=$A39)*(TEXT(DATA_LOG!$B:$B,""yyyy-MM-dd"")=TEXT(DATE($P$3,MONTH(1&$N$3),VALUE(LEFT(M$40,2))),""yyyy-MM-dd"")),0)),""""),selectedDate,DATE($P$3,MONTH(1&$N$3"&"),VALUE(LEFT(M$40,2))),IF(logStatus<>"""",UPPER(logStatus),IF(selectedDate>TODAY(),""-"",IF(REGEXMATCH(M$40,""SUN""),""WO"",IF(M$43<>"""",IF(VALUE(M$43)>=9/24,""FD"",""HD""),""A"")))))))"),"-") -> - | N44: =IFERROR(__xludf.DUMMYFUNCTION("IF($A39="""","""",IF(N$40="""","""",LET(logStatus,IFNA(INDEX(DATA_LOG!$E:$E,MATCH(1,(DATA_LOG!$A:$A=$A39)*(TEXT(DATA_LOG!$B:$B,""yyyy-MM-dd"")=TEXT(DATE($P$3,MONTH(1&$N$3),VALUE(LEFT(N$40,2))),""yyyy-MM-dd"")),0)),""""),selectedDate,DATE($P$3,MONTH(1&$N$3"&"),VALUE(LEFT(N$40,2))),IF(logStatus<>"""",UPPER(logStatus),IF(selectedDate>TODAY(),""-"",IF(REGEXMATCH(N$40,""SUN""),""WO"",IF(N$43<>"""",IF(VALUE(N$43)>=9/24,""FD"",""HD""),""A"")))))))"),"-") -> - | O44: =IFERROR(__xludf.DUMMYFUNCTION("IF($A39="""","""",IF(O$40="""","""",LET(logStatus,IFNA(INDEX(DATA_LOG!$E:$E,MATCH(1,(DATA_LOG!$A:$A=$A39)*(TEXT(DATA_LOG!$B:$B,""yyyy-MM-dd"")=TEXT(DATE($P$3,MONTH(1&$N$3),VALUE(LEFT(O$40,2))),""yyyy-MM-dd"")),0)),""""),selectedDate,DATE($P$3,MONTH(1&$N$3"&"),VALUE(LEFT(O$40,2))),IF(logStatus<>"""",UPPER(logStatus),IF(selectedDate>TODAY(),""-"",IF(REGEXMATCH(O$40,""SUN""),""WO"",IF(O$43<>"""",IF(VALUE(O$43)>=9/24,""FD"",""HD""),""A"")))))))"),"-") -> - | P44: =IFERROR(__xludf.DUMMYFUNCTION("IF($A39="""","""",IF(P$40="""","""",LET(logStatus,IFNA(INDEX(DATA_LOG!$E:$E,MATCH(1,(DATA_LOG!$A:$A=$A39)*(TEXT(DATA_LOG!$B:$B,""yyyy-MM-dd"")=TEXT(DATE($P$3,MONTH(1&$N$3),VALUE(LEFT(P$40,2))),""yyyy-MM-dd"")),0)),""""),selectedDate,DATE($P$3,MONTH(1&$N$3"&"),VALUE(LEFT(P$40,2))),IF(logStatus<>"""",UPPER(logStatus),IF(selectedDate>TODAY(),""-"",IF(REGEXMATCH(P$40,""SUN""),""WO"",IF(P$43<>"""",IF(VALUE(P$43)>=9/24,""FD"",""HD""),""A"")))))))"),"-") -> - | Q44: =IFERROR(__xludf.DUMMYFUNCTION("IF($A39="""","""",IF(Q$40="""","""",LET(logStatus,IFNA(INDEX(DATA_LOG!$E:$E,MATCH(1,(DATA_LOG!$A:$A=$A39)*(TEXT(DATA_LOG!$B:$B,""yyyy-MM-dd"")=TEXT(DATE($P$3,MONTH(1&$N$3),VALUE(LEFT(Q$40,2))),""yyyy-MM-dd"")),0)),""""),selectedDate,DATE($P$3,MONTH(1&$N$3"&"),VALUE(LEFT(Q$40,2))),IF(logStatus<>"""",UPPER(logStatus),IF(selectedDate>TODAY(),""-"",IF(REGEXMATCH(Q$40,""SUN""),""WO"",IF(Q$43<>"""",IF(VALUE(Q$43)>=9/24,""FD"",""HD""),""A"")))))))"),"-") -> - | R44: =IFERROR(__xludf.DUMMYFUNCTION("IF($A39="""","""",IF(R$40="""","""",LET(logStatus,IFNA(INDEX(DATA_LOG!$E:$E,MATCH(1,(DATA_LOG!$A:$A=$A39)*(TEXT(DATA_LOG!$B:$B,""yyyy-MM-dd"")=TEXT(DATE($P$3,MONTH(1&$N$3),VALUE(LEFT(R$40,2))),""yyyy-MM-dd"")),0)),""""),selectedDate,DATE($P$3,MONTH(1&$N$3"&"),VALUE(LEFT(R$40,2))),IF(logStatus<>"""",UPPER(logStatus),IF(selectedDate>TODAY(),""-"",IF(REGEXMATCH(R$40,""SUN""),""WO"",IF(R$43<>"""",IF(VALUE(R$43)>=9/24,""FD"",""HD""),""A"")))))))"),"-") -> - | S44: =IFERROR(__xludf.DUMMYFUNCTION("IF($A39="""","""",IF(S$40="""","""",LET(logStatus,IFNA(INDEX(DATA_LOG!$E:$E,MATCH(1,(DATA_LOG!$A:$A=$A39)*(TEXT(DATA_LOG!$B:$B,""yyyy-MM-dd"")=TEXT(DATE($P$3,MONTH(1&$N$3),VALUE(LEFT(S$40,2))),""yyyy-MM-dd"")),0)),""""),selectedDate,DATE($P$3,MONTH(1&$N$3"&"),VALUE(LEFT(S$40,2))),IF(logStatus<>"""",UPPER(logStatus),IF(selectedDate>TODAY(),""-"",IF(REGEXMATCH(S$40,""SUN""),""WO"",IF(S$43<>"""",IF(VALUE(S$43)>=9/24,""FD"",""HD""),""A"")))))))"),"-") -> - | T44: =IFERROR(__xludf.DUMMYFUNCTION("IF($A39="""","""",IF(T$40="""","""",LET(logStatus,IFNA(INDEX(DATA_LOG!$E:$E,MATCH(1,(DATA_LOG!$A:$A=$A39)*(TEXT(DATA_LOG!$B:$B,""yyyy-MM-dd"")=TEXT(DATE($P$3,MONTH(1&$N$3),VALUE(LEFT(T$40,2))),""yyyy-MM-dd"")),0)),""""),selectedDate,DATE($P$3,MONTH(1&$N$3"&"),VALUE(LEFT(T$40,2))),IF(logStatus<>"""",UPPER(logStatus),IF(selectedDate>TODAY(),""-"",IF(REGEXMATCH(T$40,""SUN""),""WO"",IF(T$43<>"""",IF(VALUE(T$43)>=9/24,""FD"",""HD""),""A"")))))))"),"-") -> - | U44: =IFERROR(__xludf.DUMMYFUNCTION("IF($A39="""","""",IF(U$40="""","""",LET(logStatus,IFNA(INDEX(DATA_LOG!$E:$E,MATCH(1,(DATA_LOG!$A:$A=$A39)*(TEXT(DATA_LOG!$B:$B,""yyyy-MM-dd"")=TEXT(DATE($P$3,MONTH(1&$N$3),VALUE(LEFT(U$40,2))),""yyyy-MM-dd"")),0)),""""),selectedDate,DATE($P$3,MONTH(1&$N$3"&"),VALUE(LEFT(U$40,2))),IF(logStatus<>"""",UPPER(logStatus),IF(selectedDate>TODAY(),""-"",IF(REGEXMATCH(U$40,""SUN""),""WO"",IF(U$43<>"""",IF(VALUE(U$43)>=9/24,""FD"",""HD""),""A"")))))))"),"-") -> - | V44: =IFERROR(__xludf.DUMMYFUNCTION("IF($A39="""","""",IF(V$40="""","""",LET(logStatus,IFNA(INDEX(DATA_LOG!$E:$E,MATCH(1,(DATA_LOG!$A:$A=$A39)*(TEXT(DATA_LOG!$B:$B,""yyyy-MM-dd"")=TEXT(DATE($P$3,MONTH(1&$N$3),VALUE(LEFT(V$40,2))),""yyyy-MM-dd"")),0)),""""),selectedDate,DATE($P$3,MONTH(1&$N$3"&"),VALUE(LEFT(V$40,2))),IF(logStatus<>"""",UPPER(logStatus),IF(selectedDate>TODAY(),""-"",IF(REGEXMATCH(V$40,""SUN""),""WO"",IF(V$43<>"""",IF(VALUE(V$43)>=9/24,""FD"",""HD""),""A"")))))))"),"-") -> - | W44: =IFERROR(__xludf.DUMMYFUNCTION("IF($A39="""","""",IF(W$40="""","""",LET(logStatus,IFNA(INDEX(DATA_LOG!$E:$E,MATCH(1,(DATA_LOG!$A:$A=$A39)*(TEXT(DATA_LOG!$B:$B,""yyyy-MM-dd"")=TEXT(DATE($P$3,MONTH(1&$N$3),VALUE(LEFT(W$40,2))),""yyyy-MM-dd"")),0)),""""),selectedDate,DATE($P$3,MONTH(1&$N$3"&"),VALUE(LEFT(W$40,2))),IF(logStatus<>"""",UPPER(logStatus),IF(selectedDate>TODAY(),""-"",IF(REGEXMATCH(W$40,""SUN""),""WO"",IF(W$43<>"""",IF(VALUE(W$43)>=9/24,""FD"",""HD""),""A"")))))))"),"-") -> - | X44: =IFERROR(__xludf.DUMMYFUNCTION("IF($A39="""","""",IF(X$40="""","""",LET(logStatus,IFNA(INDEX(DATA_LOG!$E:$E,MATCH(1,(DATA_LOG!$A:$A=$A39)*(TEXT(DATA_LOG!$B:$B,""yyyy-MM-dd"")=TEXT(DATE($P$3,MONTH(1&$N$3),VALUE(LEFT(X$40,2))),""yyyy-MM-dd"")),0)),""""),selectedDate,DATE($P$3,MONTH(1&$N$3"&"),VALUE(LEFT(X$40,2))),IF(logStatus<>"""",UPPER(logStatus),IF(selectedDate>TODAY(),""-"",IF(REGEXMATCH(X$40,""SUN""),""WO"",IF(X$43<>"""",IF(VALUE(X$43)>=9/24,""FD"",""HD""),""A"")))))))"),"-") -> - | Y44: =IFERROR(__xludf.DUMMYFUNCTION("IF($A39="""","""",IF(Y$40="""","""",LET(logStatus,IFNA(INDEX(DATA_LOG!$E:$E,MATCH(1,(DATA_LOG!$A:$A=$A39)*(TEXT(DATA_LOG!$B:$B,""yyyy-MM-dd"")=TEXT(DATE($P$3,MONTH(1&$N$3),VALUE(LEFT(Y$40,2))),""yyyy-MM-dd"")),0)),""""),selectedDate,DATE($P$3,MONTH(1&$N$3"&"),VALUE(LEFT(Y$40,2))),IF(logStatus<>"""",UPPER(logStatus),IF(selectedDate>TODAY(),""-"",IF(REGEXMATCH(Y$40,""SUN""),""WO"",IF(Y$43<>"""",IF(VALUE(Y$43)>=9/24,""FD"",""HD""),""A"")))))))"),"-") -> - | Z44: =IFERROR(__xludf.DUMMYFUNCTION("IF($A39="""","""",IF(Z$40="""","""",LET(logStatus,IFNA(INDEX(DATA_LOG!$E:$E,MATCH(1,(DATA_LOG!$A:$A=$A39)*(TEXT(DATA_LOG!$B:$B,""yyyy-MM-dd"")=TEXT(DATE($P$3,MONTH(1&$N$3),VALUE(LEFT(Z$40,2))),""yyyy-MM-dd"")),0)),""""),selectedDate,DATE($P$3,MONTH(1&$N$3"&"),VALUE(LEFT(Z$40,2))),IF(logStatus<>"""",UPPER(logStatus),IF(selectedDate>TODAY(),""-"",IF(REGEXMATCH(Z$40,""SUN""),""WO"",IF(Z$43<>"""",IF(VALUE(Z$43)>=9/24,""FD"",""HD""),""A"")))))))"),"-") -> - | AA44: =IFERROR(__xludf.DUMMYFUNCTION("IF($A39="""","""",IF(AA$40="""","""",LET(logStatus,IFNA(INDEX(DATA_LOG!$E:$E,MATCH(1,(DATA_LOG!$A:$A=$A39)*(TEXT(DATA_LOG!$B:$B,""yyyy-MM-dd"")=TEXT(DATE($P$3,MONTH(1&$N$3),VALUE(LEFT(AA$40,2))),""yyyy-MM-dd"")),0)),""""),selectedDate,DATE($P$3,MONTH(1&$N"&"$3),VALUE(LEFT(AA$40,2))),IF(logStatus<>"""",UPPER(logStatus),IF(selectedDate>TODAY(),""-"",IF(REGEXMATCH(AA$40,""SUN""),""WO"",IF(AA$43<>"""",IF(VALUE(AA$43)>=9/24,""FD"",""HD""),""A"")))))))"),"-") -> - | AB44: =IFERROR(__xludf.DUMMYFUNCTION("IF($A39="""","""",IF(AB$40="""","""",LET(logStatus,IFNA(INDEX(DATA_LOG!$E:$E,MATCH(1,(DATA_LOG!$A:$A=$A39)*(TEXT(DATA_LOG!$B:$B,""yyyy-MM-dd"")=TEXT(DATE($P$3,MONTH(1&$N$3),VALUE(LEFT(AB$40,2))),""yyyy-MM-dd"")),0)),""""),selectedDate,DATE($P$3,MONTH(1&$N"&"$3),VALUE(LEFT(AB$40,2))),IF(logStatus<>"""",UPPER(logStatus),IF(selectedDate>TODAY(),""-"",IF(REGEXMATCH(AB$40,""SUN""),""WO"",IF(AB$43<>"""",IF(VALUE(AB$43)>=9/24,""FD"",""HD""),""A"")))))))"),"-") -> - | AC44: =IFERROR(__xludf.DUMMYFUNCTION("IF($A39="""","""",IF(AC$40="""","""",LET(logStatus,IFNA(INDEX(DATA_LOG!$E:$E,MATCH(1,(DATA_LOG!$A:$A=$A39)*(TEXT(DATA_LOG!$B:$B,""yyyy-MM-dd"")=TEXT(DATE($P$3,MONTH(1&$N$3),VALUE(LEFT(AC$40,2))),""yyyy-MM-dd"")),0)),""""),selectedDate,DATE($P$3,MONTH(1&$N"&"$3),VALUE(LEFT(AC$40,2))),IF(logStatus<>"""",UPPER(logStatus),IF(selectedDate>TODAY(),""-"",IF(REGEXMATCH(AC$40,""SUN""),""WO"",IF(AC$43<>"""",IF(VALUE(AC$43)>=9/24,""FD"",""HD""),""A"")))))))"),"-") -> - | AD44: =IFERROR(__xludf.DUMMYFUNCTION("IF($A39="""","""",IF(AD$40="""","""",LET(logStatus,IFNA(INDEX(DATA_LOG!$E:$E,MATCH(1,(DATA_LOG!$A:$A=$A39)*(TEXT(DATA_LOG!$B:$B,""yyyy-MM-dd"")=TEXT(DATE($P$3,MONTH(1&$N$3),VALUE(LEFT(AD$40,2))),""yyyy-MM-dd"")),0)),""""),selectedDate,DATE($P$3,MONTH(1&$N"&"$3),VALUE(LEFT(AD$40,2))),IF(logStatus<>"""",UPPER(logStatus),IF(selectedDate>TODAY(),""-"",IF(REGEXMATCH(AD$40,""SUN""),""WO"",IF(AD$43<>"""",IF(VALUE(AD$43)>=9/24,""FD"",""HD""),""A"")))))))"),"-") -> - | AE44: =IFERROR(__xludf.DUMMYFUNCTION("IF($A39="""","""",IF(AE$40="""","""",LET(logStatus,IFNA(INDEX(DATA_LOG!$E:$E,MATCH(1,(DATA_LOG!$A:$A=$A39)*(TEXT(DATA_LOG!$B:$B,""yyyy-MM-dd"")=TEXT(DATE($P$3,MONTH(1&$N$3),VALUE(LEFT(AE$40,2))),""yyyy-MM-dd"")),0)),""""),selectedDate,DATE($P$3,MONTH(1&$N"&"$3),VALUE(LEFT(AE$40,2))),IF(logStatus<>"""",UPPER(logStatus),IF(selectedDate>TODAY(),""-"",IF(REGEXMATCH(AE$40,""SUN""),""WO"",IF(AE$43<>"""",IF(VALUE(AE$43)>=9/24,""FD"",""HD""),""A"")))))))"),"-") -> - | AF44: =IFERROR(__xludf.DUMMYFUNCTION("IF($A39="""","""",IF(AF$40="""","""",LET(logStatus,IFNA(INDEX(DATA_LOG!$E:$E,MATCH(1,(DATA_LOG!$A:$A=$A39)*(TEXT(DATA_LOG!$B:$B,""yyyy-MM-dd"")=TEXT(DATE($P$3,MONTH(1&$N$3),VALUE(LEFT(AF$40,2))),""yyyy-MM-dd"")),0)),""""),selectedDate,DATE($P$3,MONTH(1&$N"&"$3),VALUE(LEFT(AF$40,2))),IF(logStatus<>"""",UPPER(logStatus),IF(selectedDate>TODAY(),""-"",IF(REGEXMATCH(AF$40,""SUN""),""WO"",IF(AF$43<>"""",IF(VALUE(AF$43)>=9/24,""FD"",""HD""),""A"")))))))"),"")
A46: {=INDEX(EMPLOYEE_LIST!$A:$A,INT((ROW()-4)/7)+2)} -> KHUSHAL SONKAR | D46: =IF(A46="", "", IFERROR(VLOOKUP(A46, EMPLOYEE_LIST!$A:$H, 2, FALSE), "")) -> AYV-93 | H46: =IF(A46="", "", IFERROR(VLOOKUP(A46, EMPLOYEE_LIST!$A:$H, 3, FALSE), "")) -> CIVIL | L46: =IF(A46="", "", IFERROR(VLOOKUP(A46, EMPLOYEE_LIST!$A:$H, 4, FALSE), "")) -> QUANTITY SURVEYOR | P46: =IF($A46="", "", "Full Day: " & COUNTIF(B51:AF51, "FD")) -> Full Day: 0 | S46: =IF($A46="", "", "HALF Day: " & COUNTIF(B51:AF51, "HD")) -> HALF Day: 0 | V46: =IF($A46="", "", "ABSENT: " & COUNTIF(B51:AF51, "A")) -> ABSENT: 10 | Y46: =IF($A46="", "", "WEEK OFF: " & COUNTIF(B51:AF51, "WO")) -> WEEK OFF: 1 | AB46: =IF($A46="", "", "LEAVE: " & COUNTIF(B51:AF51, "L")) -> LEAVE: 0 | AD46: =IF($A46="", "", "HOLIDAY: " & COUNTIF(B51:AF51, "HL")) -> HOLIDAY: 0
A47: =IF($A46="", "", "DATE") -> DATE | B47: {=IF($A46="","",LET(mNum,MONTH(1&$N$3),start,DATE($P$3,mNum,1),days,DAY(EOMONTH(start,0)),MAP(SEQUENCE(1,days,0),LAMBDA(n,UPPER(TEXT(start+n,"dd (ddd)"))))))} -> 01 (TUE) | C47: 02 (WED) | D47: 03 (THU) | E47: 04 (FRI) | F47: 05 (SAT) | G47: 06 (SUN) | H47: 07 (MON) | I47: 08 (TUE) | J47: 09 (WED) | K47: 10 (THU) | L47: 11 (FRI) | M47: 12 (SAT) | N47: 13 (SUN) | O47: 14 (MON) | P47: 15 (TUE) | Q47: 16 (WED) | R47: 17 (THU) | S47: 18 (FRI) | T47: 19 (SAT) | U47: 20 (SUN) | V47: 21 (MON) | W47: 22 (TUE) | X47: 23 (WED) | Y47: 24 (THU) | Z47: 25 (FRI) | AA47: 26 (SAT) | AB47: 27 (SUN) | AC47: 28 (MON) | AD47: 29 (TUE) | AE47: 30 (WED)
A48: =IF($A46="", "", "IN") -> IN | B48: {=IF(OR($A46="",B$5=""),"",IFNA(INDEX(DATA_LOG!$C:$C,MATCH(1,(DATA_LOG!$A:$A=$A46)*(TEXT(DATA_LOG!$B:$B,"yyyy-MM-dd")=TEXT(DATE($P$3,MONTH(1&$N$3),VALUE(LEFT(B$5,2))),"yyyy-MM-dd")),0)),""))} | C48: {=IF(OR($A46="",C$5=""),"",IFNA(INDEX(DATA_LOG!$C:$C,MATCH(1,(DATA_LOG!$A:$A=$A46)*(TEXT(DATA_LOG!$B:$B,"yyyy-MM-dd")=TEXT(DATE($P$3,MONTH(1&$N$3),VALUE(LEFT(C$5,2))),"yyyy-MM-dd")),0)),""))} | D48: {=IF(OR($A46="",D$5=""),"",IFNA(INDEX(DATA_LOG!$C:$C,MATCH(1,(DATA_LOG!$A:$A=$A46)*(TEXT(DATA_LOG!$B:$B,"yyyy-MM-dd")=TEXT(DATE($P$3,MONTH(1&$N$3),VALUE(LEFT(D$5,2))),"yyyy-MM-dd")),0)),""))} | E48: {=IF(OR($A46="",E$5=""),"",IFNA(INDEX(DATA_LOG!$C:$C,MATCH(1,(DATA_LOG!$A:$A=$A46)*(TEXT(DATA_LOG!$B:$B,"yyyy-MM-dd")=TEXT(DATE($P$3,MONTH(1&$N$3),VALUE(LEFT(E$5,2))),"yyyy-MM-dd")),0)),""))} | F48: {=IF(OR($A46="",F$5=""),"",IFNA(INDEX(DATA_LOG!$C:$C,MATCH(1,(DATA_LOG!$A:$A=$A46)*(TEXT(DATA_LOG!$B:$B,"yyyy-MM-dd")=TEXT(DATE($P$3,MONTH(1&$N$3),VALUE(LEFT(F$5,2))),"yyyy-MM-dd")),0)),""))} | G48: {=IF(OR($A46="",G$5=""),"",IFNA(INDEX(DATA_LOG!$C:$C,MATCH(1,(DATA_LOG!$A:$A=$A46)*(TEXT(DATA_LOG!$B:$B,"yyyy-MM-dd")=TEXT(DATE($P$3,MONTH(1&$N$3),VALUE(LEFT(G$5,2))),"yyyy-MM-dd")),0)),""))} | H48: {=IF(OR($A46="",H$5=""),"",IFNA(INDEX(DATA_LOG!$C:$C,MATCH(1,(DATA_LOG!$A:$A=$A46)*(TEXT(DATA_LOG!$B:$B,"yyyy-MM-dd")=TEXT(DATE($P$3,MONTH(1&$N$3),VALUE(LEFT(H$5,2))),"yyyy-MM-dd")),0)),""))} | I48: {=IF(OR($A46="",I$5=""),"",IFNA(INDEX(DATA_LOG!$C:$C,MATCH(1,(DATA_LOG!$A:$A=$A46)*(TEXT(DATA_LOG!$B:$B,"yyyy-MM-dd")=TEXT(DATE($P$3,MONTH(1&$N$3),VALUE(LEFT(I$5,2))),"yyyy-MM-dd")),0)),""))} | ... AF48: {=IF(OR($A46="",AF$5=""),"",IFNA(INDEX(DATA_LOG!$C:$C,MATCH(1,(DATA_LOG!$A:$A=$A46)*(TEXT(DATA_LOG!$B:$B,"yyyy-MM-dd")=TEXT(DATE($P$3,MONTH(1&$N$3),VALUE(LEFT(AF$5,2))),"yyyy-MM-dd")),0)),""))}
A49: =IF($A46="", "", "OUT") -> OUT | B49: {=IF(OR($A46="",B$5=""),"",IFNA(INDEX(DATA_LOG!$D:$D,MATCH(1,(DATA_LOG!$A:$A=$A46)*(TEXT(DATA_LOG!$B:$B,"yyyy-MM-dd")=TEXT(DATE($P$3,MONTH(1&$N$3),VALUE(LEFT(B$5,2))),"yyyy-MM-dd")),0)),""))} | C49: {=IF(OR($A46="",C$5=""),"",IFNA(INDEX(DATA_LOG!$D:$D,MATCH(1,(DATA_LOG!$A:$A=$A46)*(TEXT(DATA_LOG!$B:$B,"yyyy-MM-dd")=TEXT(DATE($P$3,MONTH(1&$N$3),VALUE(LEFT(C$5,2))),"yyyy-MM-dd")),0)),""))} | D49: {=IF(OR($A46="",D$5=""),"",IFNA(INDEX(DATA_LOG!$D:$D,MATCH(1,(DATA_LOG!$A:$A=$A46)*(TEXT(DATA_LOG!$B:$B,"yyyy-MM-dd")=TEXT(DATE($P$3,MONTH(1&$N$3),VALUE(LEFT(D$5,2))),"yyyy-MM-dd")),0)),""))} | E49: {=IF(OR($A46="",E$5=""),"",IFNA(INDEX(DATA_LOG!$D:$D,MATCH(1,(DATA_LOG!$A:$A=$A46)*(TEXT(DATA_LOG!$B:$B,"yyyy-MM-dd")=TEXT(DATE($P$3,MONTH(1&$N$3),VALUE(LEFT(E$5,2))),"yyyy-MM-dd")),0)),""))} | F49: {=IF(OR($A46="",F$5=""),"",IFNA(INDEX(DATA_LOG!$D:$D,MATCH(1,(DATA_LOG!$A:$A=$A46)*(TEXT(DATA_LOG!$B:$B,"yyyy-MM-dd")=TEXT(DATE($P$3,MONTH(1&$N$3),VALUE(LEFT(F$5,2))),"yyyy-MM-dd")),0)),""))} | G49: {=IF(OR($A46="",G$5=""),"",IFNA(INDEX(DATA_LOG!$D:$D,MATCH(1,(DATA_LOG!$A:$A=$A46)*(TEXT(DATA_LOG!$B:$B,"yyyy-MM-dd")=TEXT(DATE($P$3,MONTH(1&$N$3),VALUE(LEFT(G$5,2))),"yyyy-MM-dd")),0)),""))} | H49: {=IF(OR($A46="",H$5=""),"",IFNA(INDEX(DATA_LOG!$D:$D,MATCH(1,(DATA_LOG!$A:$A=$A46)*(TEXT(DATA_LOG!$B:$B,"yyyy-MM-dd")=TEXT(DATE($P$3,MONTH(1&$N$3),VALUE(LEFT(H$5,2))),"yyyy-MM-dd")),0)),""))} | I49: {=IF(OR($A46="",I$5=""),"",IFNA(INDEX(DATA_LOG!$D:$D,MATCH(1,(DATA_LOG!$A:$A=$A46)*(TEXT(DATA_LOG!$B:$B,"yyyy-MM-dd")=TEXT(DATE($P$3,MONTH(1&$N$3),VALUE(LEFT(I$5,2))),"yyyy-MM-dd")),0)),""))} | ... AF49: {=IF(OR($A46="",AF$5=""),"",IFNA(INDEX(DATA_LOG!$D:$D,MATCH(1,(DATA_LOG!$A:$A=$A46)*(TEXT(DATA_LOG!$B:$B,"yyyy-MM-dd")=TEXT(DATE($P$3,MONTH(1&$N$3),VALUE(LEFT(AF$5,2))),"yyyy-MM-dd")),0)),""))}
A50: =IF($A46="", "", "TOTAL") -> TOTAL | B50: =IF(OR(B48="",B49=""),"",B49-B48) | C50: =IF(OR(C48="",C49=""),"",C49-C48) | D50: =IF(OR(D48="",D49=""),"",D49-D48) | E50: =IF(OR(E48="",E49=""),"",E49-E48) | F50: =IF(OR(F48="",F49=""),"",F49-F48) | G50: =IF(OR(G48="",G49=""),"",G49-G48) | H50: =IF(OR(H48="",H49=""),"",H49-H48) | I50: =IF(OR(I48="",I49=""),"",I49-I48) | ... AF50: =IF(OR(AF48="",AF49=""),"",AF49-AF48)
A51: =IF($A46="", "", "STATUS") -> STATUS | B51: =IFERROR(__xludf.DUMMYFUNCTION("IF($A46="""","""",IF(B$47="""","""",LET(logStatus,IFNA(INDEX(DATA_LOG!$E:$E,MATCH(1,(DATA_LOG!$A:$A=$A46)*(TEXT(DATA_LOG!$B:$B,""yyyy-MM-dd"")=TEXT(DATE($P$3,MONTH(1&$N$3),VALUE(LEFT(B$47,2))),""yyyy-MM-dd"")),0)),""""),selectedDate,DATE($P$3,MONTH(1&$N$3"&"),VALUE(LEFT(B$47,2))),IF(logStatus<>"""",UPPER(logStatus),IF(selectedDate>TODAY(),""-"",IF(REGEXMATCH(B$47,""SUN""),""WO"",IF(B$50<>"""",IF(VALUE(B$50)>=9/24,""FD"",""HD""),""A"")))))))"),"A") -> A | C51: =IFERROR(__xludf.DUMMYFUNCTION("IF($A46="""","""",IF(C$47="""","""",LET(logStatus,IFNA(INDEX(DATA_LOG!$E:$E,MATCH(1,(DATA_LOG!$A:$A=$A46)*(TEXT(DATA_LOG!$B:$B,""yyyy-MM-dd"")=TEXT(DATE($P$3,MONTH(1&$N$3),VALUE(LEFT(C$47,2))),""yyyy-MM-dd"")),0)),""""),selectedDate,DATE($P$3,MONTH(1&$N$3"&"),VALUE(LEFT(C$47,2))),IF(logStatus<>"""",UPPER(logStatus),IF(selectedDate>TODAY(),""-"",IF(REGEXMATCH(C$47,""SUN""),""WO"",IF(C$50<>"""",IF(VALUE(C$50)>=9/24,""FD"",""HD""),""A"")))))))"),"A") -> A | D51: =IFERROR(__xludf.DUMMYFUNCTION("IF($A46="""","""",IF(D$47="""","""",LET(logStatus,IFNA(INDEX(DATA_LOG!$E:$E,MATCH(1,(DATA_LOG!$A:$A=$A46)*(TEXT(DATA_LOG!$B:$B,""yyyy-MM-dd"")=TEXT(DATE($P$3,MONTH(1&$N$3),VALUE(LEFT(D$47,2))),""yyyy-MM-dd"")),0)),""""),selectedDate,DATE($P$3,MONTH(1&$N$3"&"),VALUE(LEFT(D$47,2))),IF(logStatus<>"""",UPPER(logStatus),IF(selectedDate>TODAY(),""-"",IF(REGEXMATCH(D$47,""SUN""),""WO"",IF(D$50<>"""",IF(VALUE(D$50)>=9/24,""FD"",""HD""),""A"")))))))"),"A") -> A | E51: =IFERROR(__xludf.DUMMYFUNCTION("IF($A46="""","""",IF(E$47="""","""",LET(logStatus,IFNA(INDEX(DATA_LOG!$E:$E,MATCH(1,(DATA_LOG!$A:$A=$A46)*(TEXT(DATA_LOG!$B:$B,""yyyy-MM-dd"")=TEXT(DATE($P$3,MONTH(1&$N$3),VALUE(LEFT(E$47,2))),""yyyy-MM-dd"")),0)),""""),selectedDate,DATE($P$3,MONTH(1&$N$3"&"),VALUE(LEFT(E$47,2))),IF(logStatus<>"""",UPPER(logStatus),IF(selectedDate>TODAY(),""-"",IF(REGEXMATCH(E$47,""SUN""),""WO"",IF(E$50<>"""",IF(VALUE(E$50)>=9/24,""FD"",""HD""),""A"")))))))"),"A") -> A | F51: =IFERROR(__xludf.DUMMYFUNCTION("IF($A46="""","""",IF(F$47="""","""",LET(logStatus,IFNA(INDEX(DATA_LOG!$E:$E,MATCH(1,(DATA_LOG!$A:$A=$A46)*(TEXT(DATA_LOG!$B:$B,""yyyy-MM-dd"")=TEXT(DATE($P$3,MONTH(1&$N$3),VALUE(LEFT(F$47,2))),""yyyy-MM-dd"")),0)),""""),selectedDate,DATE($P$3,MONTH(1&$N$3"&"),VALUE(LEFT(F$47,2))),IF(logStatus<>"""",UPPER(logStatus),IF(selectedDate>TODAY(),""-"",IF(REGEXMATCH(F$47,""SUN""),""WO"",IF(F$50<>"""",IF(VALUE(F$50)>=9/24,""FD"",""HD""),""A"")))))))"),"A") -> A | G51: =IFERROR(__xludf.DUMMYFUNCTION("IF($A46="""","""",IF(G$47="""","""",LET(logStatus,IFNA(INDEX(DATA_LOG!$E:$E,MATCH(1,(DATA_LOG!$A:$A=$A46)*(TEXT(DATA_LOG!$B:$B,""yyyy-MM-dd"")=TEXT(DATE($P$3,MONTH(1&$N$3),VALUE(LEFT(G$47,2))),""yyyy-MM-dd"")),0)),""""),selectedDate,DATE($P$3,MONTH(1&$N$3"&"),VALUE(LEFT(G$47,2))),IF(logStatus<>"""",UPPER(logStatus),IF(selectedDate>TODAY(),""-"",IF(REGEXMATCH(G$47,""SUN""),""WO"",IF(G$50<>"""",IF(VALUE(G$50)>=9/24,""FD"",""HD""),""A"")))))))"),"WO") -> WO | H51: =IFERROR(__xludf.DUMMYFUNCTION("IF($A46="""","""",IF(H$47="""","""",LET(logStatus,IFNA(INDEX(DATA_LOG!$E:$E,MATCH(1,(DATA_LOG!$A:$A=$A46)*(TEXT(DATA_LOG!$B:$B,""yyyy-MM-dd"")=TEXT(DATE($P$3,MONTH(1&$N$3),VALUE(LEFT(H$47,2))),""yyyy-MM-dd"")),0)),""""),selectedDate,DATE($P$3,MONTH(1&$N$3"&"),VALUE(LEFT(H$47,2))),IF(logStatus<>"""",UPPER(logStatus),IF(selectedDate>TODAY(),""-"",IF(REGEXMATCH(H$47,""SUN""),""WO"",IF(H$50<>"""",IF(VALUE(H$50)>=9/24,""FD"",""HD""),""A"")))))))"),"A") -> A | I51: =IFERROR(__xludf.DUMMYFUNCTION("IF($A46="""","""",IF(I$47="""","""",LET(logStatus,IFNA(INDEX(DATA_LOG!$E:$E,MATCH(1,(DATA_LOG!$A:$A=$A46)*(TEXT(DATA_LOG!$B:$B,""yyyy-MM-dd"")=TEXT(DATE($P$3,MONTH(1&$N$3),VALUE(LEFT(I$47,2))),""yyyy-MM-dd"")),0)),""""),selectedDate,DATE($P$3,MONTH(1&$N$3"&"),VALUE(LEFT(I$47,2))),IF(logStatus<>"""",UPPER(logStatus),IF(selectedDate>TODAY(),""-"",IF(REGEXMATCH(I$47,""SUN""),""WO"",IF(I$50<>"""",IF(VALUE(I$50)>=9/24,""FD"",""HD""),""A"")))))))"),"A") -> A | J51: =IFERROR(__xludf.DUMMYFUNCTION("IF($A46="""","""",IF(J$47="""","""",LET(logStatus,IFNA(INDEX(DATA_LOG!$E:$E,MATCH(1,(DATA_LOG!$A:$A=$A46)*(TEXT(DATA_LOG!$B:$B,""yyyy-MM-dd"")=TEXT(DATE($P$3,MONTH(1&$N$3),VALUE(LEFT(J$47,2))),""yyyy-MM-dd"")),0)),""""),selectedDate,DATE($P$3,MONTH(1&$N$3"&"),VALUE(LEFT(J$47,2))),IF(logStatus<>"""",UPPER(logStatus),IF(selectedDate>TODAY(),""-"",IF(REGEXMATCH(J$47,""SUN""),""WO"",IF(J$50<>"""",IF(VALUE(J$50)>=9/24,""FD"",""HD""),""A"")))))))"),"A") -> A | K51: =IFERROR(__xludf.DUMMYFUNCTION("IF($A46="""","""",IF(K$47="""","""",LET(logStatus,IFNA(INDEX(DATA_LOG!$E:$E,MATCH(1,(DATA_LOG!$A:$A=$A46)*(TEXT(DATA_LOG!$B:$B,""yyyy-MM-dd"")=TEXT(DATE($P$3,MONTH(1&$N$3),VALUE(LEFT(K$47,2))),""yyyy-MM-dd"")),0)),""""),selectedDate,DATE($P$3,MONTH(1&$N$3"&"),VALUE(LEFT(K$47,2))),IF(logStatus<>"""",UPPER(logStatus),IF(selectedDate>TODAY(),""-"",IF(REGEXMATCH(K$47,""SUN""),""WO"",IF(K$50<>"""",IF(VALUE(K$50)>=9/24,""FD"",""HD""),""A"")))))))"),"A") -> A | L51: =IFERROR(__xludf.DUMMYFUNCTION("IF($A46="""","""",IF(L$47="""","""",LET(logStatus,IFNA(INDEX(DATA_LOG!$E:$E,MATCH(1,(DATA_LOG!$A:$A=$A46)*(TEXT(DATA_LOG!$B:$B,""yyyy-MM-dd"")=TEXT(DATE($P$3,MONTH(1&$N$3),VALUE(LEFT(L$47,2))),""yyyy-MM-dd"")),0)),""""),selectedDate,DATE($P$3,MONTH(1&$N$3"&"),VALUE(LEFT(L$47,2))),IF(logStatus<>"""",UPPER(logStatus),IF(selectedDate>TODAY(),""-"",IF(REGEXMATCH(L$47,""SUN""),""WO"",IF(L$50<>"""",IF(VALUE(L$50)>=9/24,""FD"",""HD""),""A"")))))))"),"A") -> A | M51: =IFERROR(__xludf.DUMMYFUNCTION("IF($A46="""","""",IF(M$47="""","""",LET(logStatus,IFNA(INDEX(DATA_LOG!$E:$E,MATCH(1,(DATA_LOG!$A:$A=$A46)*(TEXT(DATA_LOG!$B:$B,""yyyy-MM-dd"")=TEXT(DATE($P$3,MONTH(1&$N$3),VALUE(LEFT(M$47,2))),""yyyy-MM-dd"")),0)),""""),selectedDate,DATE($P$3,MONTH(1&$N$3"&"),VALUE(LEFT(M$47,2))),IF(logStatus<>"""",UPPER(logStatus),IF(selectedDate>TODAY(),""-"",IF(REGEXMATCH(M$47,""SUN""),""WO"",IF(M$50<>"""",IF(VALUE(M$50)>=9/24,""FD"",""HD""),""A"")))))))"),"-") -> - | N51: =IFERROR(__xludf.DUMMYFUNCTION("IF($A46="""","""",IF(N$47="""","""",LET(logStatus,IFNA(INDEX(DATA_LOG!$E:$E,MATCH(1,(DATA_LOG!$A:$A=$A46)*(TEXT(DATA_LOG!$B:$B,""yyyy-MM-dd"")=TEXT(DATE($P$3,MONTH(1&$N$3),VALUE(LEFT(N$47,2))),""yyyy-MM-dd"")),0)),""""),selectedDate,DATE($P$3,MONTH(1&$N$3"&"),VALUE(LEFT(N$47,2))),IF(logStatus<>"""",UPPER(logStatus),IF(selectedDate>TODAY(),""-"",IF(REGEXMATCH(N$47,""SUN""),""WO"",IF(N$50<>"""",IF(VALUE(N$50)>=9/24,""FD"",""HD""),""A"")))))))"),"-") -> - | O51: =IFERROR(__xludf.DUMMYFUNCTION("IF($A46="""","""",IF(O$47="""","""",LET(logStatus,IFNA(INDEX(DATA_LOG!$E:$E,MATCH(1,(DATA_LOG!$A:$A=$A46)*(TEXT(DATA_LOG!$B:$B,""yyyy-MM-dd"")=TEXT(DATE($P$3,MONTH(1&$N$3),VALUE(LEFT(O$47,2))),""yyyy-MM-dd"")),0)),""""),selectedDate,DATE($P$3,MONTH(1&$N$3"&"),VALUE(LEFT(O$47,2))),IF(logStatus<>"""",UPPER(logStatus),IF(selectedDate>TODAY(),""-"",IF(REGEXMATCH(O$47,""SUN""),""WO"",IF(O$50<>"""",IF(VALUE(O$50)>=9/24,""FD"",""HD""),""A"")))))))"),"-") -> - | P51: =IFERROR(__xludf.DUMMYFUNCTION("IF($A46="""","""",IF(P$47="""","""",LET(logStatus,IFNA(INDEX(DATA_LOG!$E:$E,MATCH(1,(DATA_LOG!$A:$A=$A46)*(TEXT(DATA_LOG!$B:$B,""yyyy-MM-dd"")=TEXT(DATE($P$3,MONTH(1&$N$3),VALUE(LEFT(P$47,2))),""yyyy-MM-dd"")),0)),""""),selectedDate,DATE($P$3,MONTH(1&$N$3"&"),VALUE(LEFT(P$47,2))),IF(logStatus<>"""",UPPER(logStatus),IF(selectedDate>TODAY(),""-"",IF(REGEXMATCH(P$47,""SUN""),""WO"",IF(P$50<>"""",IF(VALUE(P$50)>=9/24,""FD"",""HD""),""A"")))))))"),"-") -> - | Q51: =IFERROR(__xludf.DUMMYFUNCTION("IF($A46="""","""",IF(Q$47="""","""",LET(logStatus,IFNA(INDEX(DATA_LOG!$E:$E,MATCH(1,(DATA_LOG!$A:$A=$A46)*(TEXT(DATA_LOG!$B:$B,""yyyy-MM-dd"")=TEXT(DATE($P$3,MONTH(1&$N$3),VALUE(LEFT(Q$47,2))),""yyyy-MM-dd"")),0)),""""),selectedDate,DATE($P$3,MONTH(1&$N$3"&"),VALUE(LEFT(Q$47,2))),IF(logStatus<>"""",UPPER(logStatus),IF(selectedDate>TODAY(),""-"",IF(REGEXMATCH(Q$47,""SUN""),""WO"",IF(Q$50<>"""",IF(VALUE(Q$50)>=9/24,""FD"",""HD""),""A"")))))))"),"-") -> - | R51: =IFERROR(__xludf.DUMMYFUNCTION("IF($A46="""","""",IF(R$47="""","""",LET(logStatus,IFNA(INDEX(DATA_LOG!$E:$E,MATCH(1,(DATA_LOG!$A:$A=$A46)*(TEXT(DATA_LOG!$B:$B,""yyyy-MM-dd"")=TEXT(DATE($P$3,MONTH(1&$N$3),VALUE(LEFT(R$47,2))),""yyyy-MM-dd"")),0)),""""),selectedDate,DATE($P$3,MONTH(1&$N$3"&"),VALUE(LEFT(R$47,2))),IF(logStatus<>"""",UPPER(logStatus),IF(selectedDate>TODAY(),""-"",IF(REGEXMATCH(R$47,""SUN""),""WO"",IF(R$50<>"""",IF(VALUE(R$50)>=9/24,""FD"",""HD""),""A"")))))))"),"-") -> - | S51: =IFERROR(__xludf.DUMMYFUNCTION("IF($A46="""","""",IF(S$47="""","""",LET(logStatus,IFNA(INDEX(DATA_LOG!$E:$E,MATCH(1,(DATA_LOG!$A:$A=$A46)*(TEXT(DATA_LOG!$B:$B,""yyyy-MM-dd"")=TEXT(DATE($P$3,MONTH(1&$N$3),VALUE(LEFT(S$47,2))),""yyyy-MM-dd"")),0)),""""),selectedDate,DATE($P$3,MONTH(1&$N$3"&"),VALUE(LEFT(S$47,2))),IF(logStatus<>"""",UPPER(logStatus),IF(selectedDate>TODAY(),""-"",IF(REGEXMATCH(S$47,""SUN""),""WO"",IF(S$50<>"""",IF(VALUE(S$50)>=9/24,""FD"",""HD""),""A"")))))))"),"-") -> - | T51: =IFERROR(__xludf.DUMMYFUNCTION("IF($A46="""","""",IF(T$47="""","""",LET(logStatus,IFNA(INDEX(DATA_LOG!$E:$E,MATCH(1,(DATA_LOG!$A:$A=$A46)*(TEXT(DATA_LOG!$B:$B,""yyyy-MM-dd"")=TEXT(DATE($P$3,MONTH(1&$N$3),VALUE(LEFT(T$47,2))),""yyyy-MM-dd"")),0)),""""),selectedDate,DATE($P$3,MONTH(1&$N$3"&"),VALUE(LEFT(T$47,2))),IF(logStatus<>"""",UPPER(logStatus),IF(selectedDate>TODAY(),""-"",IF(REGEXMATCH(T$47,""SUN""),""WO"",IF(T$50<>"""",IF(VALUE(T$50)>=9/24,""FD"",""HD""),""A"")))))))"),"-") -> - | U51: =IFERROR(__xludf.DUMMYFUNCTION("IF($A46="""","""",IF(U$47="""","""",LET(logStatus,IFNA(INDEX(DATA_LOG!$E:$E,MATCH(1,(DATA_LOG!$A:$A=$A46)*(TEXT(DATA_LOG!$B:$B,""yyyy-MM-dd"")=TEXT(DATE($P$3,MONTH(1&$N$3),VALUE(LEFT(U$47,2))),""yyyy-MM-dd"")),0)),""""),selectedDate,DATE($P$3,MONTH(1&$N$3"&"),VALUE(LEFT(U$47,2))),IF(logStatus<>"""",UPPER(logStatus),IF(selectedDate>TODAY(),""-"",IF(REGEXMATCH(U$47,""SUN""),""WO"",IF(U$50<>"""",IF(VALUE(U$50)>=9/24,""FD"",""HD""),""A"")))))))"),"-") -> - | V51: =IFERROR(__xludf.DUMMYFUNCTION("IF($A46="""","""",IF(V$47="""","""",LET(logStatus,IFNA(INDEX(DATA_LOG!$E:$E,MATCH(1,(DATA_LOG!$A:$A=$A46)*(TEXT(DATA_LOG!$B:$B,""yyyy-MM-dd"")=TEXT(DATE($P$3,MONTH(1&$N$3),VALUE(LEFT(V$47,2))),""yyyy-MM-dd"")),0)),""""),selectedDate,DATE($P$3,MONTH(1&$N$3"&"),VALUE(LEFT(V$47,2))),IF(logStatus<>"""",UPPER(logStatus),IF(selectedDate>TODAY(),""-"",IF(REGEXMATCH(V$47,""SUN""),""WO"",IF(V$50<>"""",IF(VALUE(V$50)>=9/24,""FD"",""HD""),""A"")))))))"),"-") -> - | W51: =IFERROR(__xludf.DUMMYFUNCTION("IF($A46="""","""",IF(W$47="""","""",LET(logStatus,IFNA(INDEX(DATA_LOG!$E:$E,MATCH(1,(DATA_LOG!$A:$A=$A46)*(TEXT(DATA_LOG!$B:$B,""yyyy-MM-dd"")=TEXT(DATE($P$3,MONTH(1&$N$3),VALUE(LEFT(W$47,2))),""yyyy-MM-dd"")),0)),""""),selectedDate,DATE($P$3,MONTH(1&$N$3"&"),VALUE(LEFT(W$47,2))),IF(logStatus<>"""",UPPER(logStatus),IF(selectedDate>TODAY(),""-"",IF(REGEXMATCH(W$47,""SUN""),""WO"",IF(W$50<>"""",IF(VALUE(W$50)>=9/24,""FD"",""HD""),""A"")))))))"),"-") -> - | X51: =IFERROR(__xludf.DUMMYFUNCTION("IF($A46="""","""",IF(X$47="""","""",LET(logStatus,IFNA(INDEX(DATA_LOG!$E:$E,MATCH(1,(DATA_LOG!$A:$A=$A46)*(TEXT(DATA_LOG!$B:$B,""yyyy-MM-dd"")=TEXT(DATE($P$3,MONTH(1&$N$3),VALUE(LEFT(X$47,2))),""yyyy-MM-dd"")),0)),""""),selectedDate,DATE($P$3,MONTH(1&$N$3"&"),VALUE(LEFT(X$47,2))),IF(logStatus<>"""",UPPER(logStatus),IF(selectedDate>TODAY(),""-"",IF(REGEXMATCH(X$47,""SUN""),""WO"",IF(X$50<>"""",IF(VALUE(X$50)>=9/24,""FD"",""HD""),""A"")))))))"),"-") -> - | Y51: =IFERROR(__xludf.DUMMYFUNCTION("IF($A46="""","""",IF(Y$47="""","""",LET(logStatus,IFNA(INDEX(DATA_LOG!$E:$E,MATCH(1,(DATA_LOG!$A:$A=$A46)*(TEXT(DATA_LOG!$B:$B,""yyyy-MM-dd"")=TEXT(DATE($P$3,MONTH(1&$N$3),VALUE(LEFT(Y$47,2))),""yyyy-MM-dd"")),0)),""""),selectedDate,DATE($P$3,MONTH(1&$N$3"&"),VALUE(LEFT(Y$47,2))),IF(logStatus<>"""",UPPER(logStatus),IF(selectedDate>TODAY(),""-"",IF(REGEXMATCH(Y$47,""SUN""),""WO"",IF(Y$50<>"""",IF(VALUE(Y$50)>=9/24,""FD"",""HD""),""A"")))))))"),"-") -> - | Z51: =IFERROR(__xludf.DUMMYFUNCTION("IF($A46="""","""",IF(Z$47="""","""",LET(logStatus,IFNA(INDEX(DATA_LOG!$E:$E,MATCH(1,(DATA_LOG!$A:$A=$A46)*(TEXT(DATA_LOG!$B:$B,""yyyy-MM-dd"")=TEXT(DATE($P$3,MONTH(1&$N$3),VALUE(LEFT(Z$47,2))),""yyyy-MM-dd"")),0)),""""),selectedDate,DATE($P$3,MONTH(1&$N$3"&"),VALUE(LEFT(Z$47,2))),IF(logStatus<>"""",UPPER(logStatus),IF(selectedDate>TODAY(),""-"",IF(REGEXMATCH(Z$47,""SUN""),""WO"",IF(Z$50<>"""",IF(VALUE(Z$50)>=9/24,""FD"",""HD""),""A"")))))))"),"-") -> - | AA51: =IFERROR(__xludf.DUMMYFUNCTION("IF($A46="""","""",IF(AA$47="""","""",LET(logStatus,IFNA(INDEX(DATA_LOG!$E:$E,MATCH(1,(DATA_LOG!$A:$A=$A46)*(TEXT(DATA_LOG!$B:$B,""yyyy-MM-dd"")=TEXT(DATE($P$3,MONTH(1&$N$3),VALUE(LEFT(AA$47,2))),""yyyy-MM-dd"")),0)),""""),selectedDate,DATE($P$3,MONTH(1&$N"&"$3),VALUE(LEFT(AA$47,2))),IF(logStatus<>"""",UPPER(logStatus),IF(selectedDate>TODAY(),""-"",IF(REGEXMATCH(AA$47,""SUN""),""WO"",IF(AA$50<>"""",IF(VALUE(AA$50)>=9/24,""FD"",""HD""),""A"")))))))"),"-") -> - | AB51: =IFERROR(__xludf.DUMMYFUNCTION("IF($A46="""","""",IF(AB$47="""","""",LET(logStatus,IFNA(INDEX(DATA_LOG!$E:$E,MATCH(1,(DATA_LOG!$A:$A=$A46)*(TEXT(DATA_LOG!$B:$B,""yyyy-MM-dd"")=TEXT(DATE($P$3,MONTH(1&$N$3),VALUE(LEFT(AB$47,2))),""yyyy-MM-dd"")),0)),""""),selectedDate,DATE($P$3,MONTH(1&$N"&"$3),VALUE(LEFT(AB$47,2))),IF(logStatus<>"""",UPPER(logStatus),IF(selectedDate>TODAY(),""-"",IF(REGEXMATCH(AB$47,""SUN""),""WO"",IF(AB$50<>"""",IF(VALUE(AB$50)>=9/24,""FD"",""HD""),""A"")))))))"),"-") -> - | AC51: =IFERROR(__xludf.DUMMYFUNCTION("IF($A46="""","""",IF(AC$47="""","""",LET(logStatus,IFNA(INDEX(DATA_LOG!$E:$E,MATCH(1,(DATA_LOG!$A:$A=$A46)*(TEXT(DATA_LOG!$B:$B,""yyyy-MM-dd"")=TEXT(DATE($P$3,MONTH(1&$N$3),VALUE(LEFT(AC$47,2))),""yyyy-MM-dd"")),0)),""""),selectedDate,DATE($P$3,MONTH(1&$N"&"$3),VALUE(LEFT(AC$47,2))),IF(logStatus<>"""",UPPER(logStatus),IF(selectedDate>TODAY(),""-"",IF(REGEXMATCH(AC$47,""SUN""),""WO"",IF(AC$50<>"""",IF(VALUE(AC$50)>=9/24,""FD"",""HD""),""A"")))))))"),"-") -> - | AD51: =IFERROR(__xludf.DUMMYFUNCTION("IF($A46="""","""",IF(AD$47="""","""",LET(logStatus,IFNA(INDEX(DATA_LOG!$E:$E,MATCH(1,(DATA_LOG!$A:$A=$A46)*(TEXT(DATA_LOG!$B:$B,""yyyy-MM-dd"")=TEXT(DATE($P$3,MONTH(1&$N$3),VALUE(LEFT(AD$47,2))),""yyyy-MM-dd"")),0)),""""),selectedDate,DATE($P$3,MONTH(1&$N"&"$3),VALUE(LEFT(AD$47,2))),IF(logStatus<>"""",UPPER(logStatus),IF(selectedDate>TODAY(),""-"",IF(REGEXMATCH(AD$47,""SUN""),""WO"",IF(AD$50<>"""",IF(VALUE(AD$50)>=9/24,""FD"",""HD""),""A"")))))))"),"-") -> - | AE51: =IFERROR(__xludf.DUMMYFUNCTION("IF($A46="""","""",IF(AE$47="""","""",LET(logStatus,IFNA(INDEX(DATA_LOG!$E:$E,MATCH(1,(DATA_LOG!$A:$A=$A46)*(TEXT(DATA_LOG!$B:$B,""yyyy-MM-dd"")=TEXT(DATE($P$3,MONTH(1&$N$3),VALUE(LEFT(AE$47,2))),""yyyy-MM-dd"")),0)),""""),selectedDate,DATE($P$3,MONTH(1&$N"&"$3),VALUE(LEFT(AE$47,2))),IF(logStatus<>"""",UPPER(logStatus),IF(selectedDate>TODAY(),""-"",IF(REGEXMATCH(AE$47,""SUN""),""WO"",IF(AE$50<>"""",IF(VALUE(AE$50)>=9/24,""FD"",""HD""),""A"")))))))"),"-") -> - | AF51: =IFERROR(__xludf.DUMMYFUNCTION("IF($A46="""","""",IF(AF$47="""","""",LET(logStatus,IFNA(INDEX(DATA_LOG!$E:$E,MATCH(1,(DATA_LOG!$A:$A=$A46)*(TEXT(DATA_LOG!$B:$B,""yyyy-MM-dd"")=TEXT(DATE($P$3,MONTH(1&$N$3),VALUE(LEFT(AF$47,2))),""yyyy-MM-dd"")),0)),""""),selectedDate,DATE($P$3,MONTH(1&$N"&"$3),VALUE(LEFT(AF$47,2))),IF(logStatus<>"""",UPPER(logStatus),IF(selectedDate>TODAY(),""-"",IF(REGEXMATCH(AF$47,""SUN""),""WO"",IF(AF$50<>"""",IF(VALUE(AF$50)>=9/24,""FD"",""HD""),""A"")))))))"),"")
A53: {=INDEX(EMPLOYEE_LIST!$A:$A,INT((ROW()-4)/7)+2)} -> NITESH DUGGA | D53: =IF(A53="", "", IFERROR(VLOOKUP(A53, EMPLOYEE_LIST!$A:$H, 2, FALSE), "")) -> AYV82 | H53: =IF(A53="", "", IFERROR(VLOOKUP(A53, EMPLOYEE_LIST!$A:$H, 3, FALSE), "")) -> SUPERVISOR | L53: =IF(A53="", "", IFERROR(VLOOKUP(A53, EMPLOYEE_LIST!$A:$H, 4, FALSE), "")) -> SUPERVISOR | P53: =IF($A53="", "", "Full Day: " & COUNTIF(B58:AF58, "FD")) -> Full Day: 0 | S53: =IF($A53="", "", "HALF Day: " & COUNTIF(B58:AF58, "HD")) -> HALF Day: 0 | V53: =IF($A53="", "", "ABSENT: " & COUNTIF(B58:AF58, "A")) -> ABSENT: 10 | Y53: =IF($A53="", "", "WEEK OFF: " & COUNTIF(B58:AF58, "WO")) -> WEEK OFF: 1 | AB53: =IF($A53="", "", "LEAVE: " & COUNTIF(B58:AF58, "L")) -> LEAVE: 0 | AD53: =IF($A53="", "", "HOLIDAY: " & COUNTIF(B58:AF58, "HL")) -> HOLIDAY: 0
A54: =IF($A53="", "", "DATE") -> DATE | B54: {=IF($A53="","",LET(mNum,MONTH(1&$N$3),start,DATE($P$3,mNum,1),days,DAY(EOMONTH(start,0)),MAP(SEQUENCE(1,days,0),LAMBDA(n,UPPER(TEXT(start+n,"dd (ddd)"))))))} -> 01 (TUE) | C54: 02 (WED) | D54: 03 (THU) | E54: 04 (FRI) | F54: 05 (SAT) | G54: 06 (SUN) | H54: 07 (MON) | I54: 08 (TUE) | J54: 09 (WED) | K54: 10 (THU) | L54: 11 (FRI) | M54: 12 (SAT) | N54: 13 (SUN) | O54: 14 (MON) | P54: 15 (TUE) | Q54: 16 (WED) | R54: 17 (THU) | S54: 18 (FRI) | T54: 19 (SAT) | U54: 20 (SUN) | V54: 21 (MON) | W54: 22 (TUE) | X54: 23 (WED) | Y54: 24 (THU) | Z54: 25 (FRI) | AA54: 26 (SAT) | AB54: 27 (SUN) | AC54: 28 (MON) | AD54: 29 (TUE) | AE54: 30 (WED)
A55: =IF($A53="", "", "IN") -> IN | B55: {=IF(OR($A53="",B$54=""),"",IFNA(INDEX(DATA_LOG!$C:$C,MATCH(1,(DATA_LOG!$A:$A=$A53)*(TEXT(DATA_LOG!$B:$B,"yyyy-MM-dd")=TEXT(DATE($P$3,MONTH(1&$N$3),VALUE(LEFT(B$54,2))),"yyyy-MM-dd")),0)),""))} | C55: {=IF(OR($A53="",C$5=""),"",IFNA(INDEX(DATA_LOG!$C:$C,MATCH(1,(DATA_LOG!$A:$A=$A53)*(TEXT(DATA_LOG!$B:$B,"yyyy-MM-dd")=TEXT(DATE($P$3,MONTH(1&$N$3),VALUE(LEFT(C$5,2))),"yyyy-MM-dd")),0)),""))} | D55: {=IF(OR($A53="",D$5=""),"",IFNA(INDEX(DATA_LOG!$C:$C,MATCH(1,(DATA_LOG!$A:$A=$A53)*(TEXT(DATA_LOG!$B:$B,"yyyy-MM-dd")=TEXT(DATE($P$3,MONTH(1&$N$3),VALUE(LEFT(D$5,2))),"yyyy-MM-dd")),0)),""))} | E55: {=IF(OR($A53="",E$5=""),"",IFNA(INDEX(DATA_LOG!$C:$C,MATCH(1,(DATA_LOG!$A:$A=$A53)*(TEXT(DATA_LOG!$B:$B,"yyyy-MM-dd")=TEXT(DATE($P$3,MONTH(1&$N$3),VALUE(LEFT(E$5,2))),"yyyy-MM-dd")),0)),""))} | F55: {=IF(OR($A53="",F$5=""),"",IFNA(INDEX(DATA_LOG!$C:$C,MATCH(1,(DATA_LOG!$A:$A=$A53)*(TEXT(DATA_LOG!$B:$B,"yyyy-MM-dd")=TEXT(DATE($P$3,MONTH(1&$N$3),VALUE(LEFT(F$5,2))),"yyyy-MM-dd")),0)),""))} | G55: {=IF(OR($A53="",G$5=""),"",IFNA(INDEX(DATA_LOG!$C:$C,MATCH(1,(DATA_LOG!$A:$A=$A53)*(TEXT(DATA_LOG!$B:$B,"yyyy-MM-dd")=TEXT(DATE($P$3,MONTH(1&$N$3),VALUE(LEFT(G$5,2))),"yyyy-MM-dd")),0)),""))} | H55: {=IF(OR($A53="",H$5=""),"",IFNA(INDEX(DATA_LOG!$C:$C,MATCH(1,(DATA_LOG!$A:$A=$A53)*(TEXT(DATA_LOG!$B:$B,"yyyy-MM-dd")=TEXT(DATE($P$3,MONTH(1&$N$3),VALUE(LEFT(H$5,2))),"yyyy-MM-dd")),0)),""))} | I55: {=IF(OR($A53="",I$5=""),"",IFNA(INDEX(DATA_LOG!$C:$C,MATCH(1,(DATA_LOG!$A:$A=$A53)*(TEXT(DATA_LOG!$B:$B,"yyyy-MM-dd")=TEXT(DATE($P$3,MONTH(1&$N$3),VALUE(LEFT(I$5,2))),"yyyy-MM-dd")),0)),""))} | J55: {=IF(OR($A53="",J$5=""),"",IFNA(INDEX(DATA_LOG!$C:$C,MATCH(1,(DATA_LOG!$A:$A=$A53)*(TEXT(DATA_LOG!$B:$B,"yyyy-MM-dd")=TEXT(DATE($P$3,MONTH(1&$N$3),VALUE(LEFT(J$5,2))),"yyyy-MM-dd")),0)),""))} | ... AF55: {=IF(OR($A53="",AF$5=""),"",IFNA(INDEX(DATA_LOG!$C:$C,MATCH(1,(DATA_LOG!$A:$A=$A53)*(TEXT(DATA_LOG!$B:$B,"yyyy-MM-dd")=TEXT(DATE($P$3,MONTH(1&$N$3),VALUE(LEFT(AF$5,2))),"yyyy-MM-dd")),0)),""))}
A56: =IF($A53="", "", "OUT") -> OUT | B56: {=IF(OR($A53="",B$5=""),"",IFNA(INDEX(DATA_LOG!$D:$D,MATCH(1,(DATA_LOG!$A:$A=$A53)*(TEXT(DATA_LOG!$B:$B,"yyyy-MM-dd")=TEXT(DATE($P$3,MONTH(1&$N$3),VALUE(LEFT(B$5,2))),"yyyy-MM-dd")),0)),""))} | C56: {=IF(OR($A53="",C$5=""),"",IFNA(INDEX(DATA_LOG!$D:$D,MATCH(1,(DATA_LOG!$A:$A=$A53)*(TEXT(DATA_LOG!$B:$B,"yyyy-MM-dd")=TEXT(DATE($P$3,MONTH(1&$N$3),VALUE(LEFT(C$5,2))),"yyyy-MM-dd")),0)),""))} | D56: {=IF(OR($A53="",D$5=""),"",IFNA(INDEX(DATA_LOG!$D:$D,MATCH(1,(DATA_LOG!$A:$A=$A53)*(TEXT(DATA_LOG!$B:$B,"yyyy-MM-dd")=TEXT(DATE($P$3,MONTH(1&$N$3),VALUE(LEFT(D$5,2))),"yyyy-MM-dd")),0)),""))} | E56: {=IF(OR($A53="",E$5=""),"",IFNA(INDEX(DATA_LOG!$D:$D,MATCH(1,(DATA_LOG!$A:$A=$A53)*(TEXT(DATA_LOG!$B:$B,"yyyy-MM-dd")=TEXT(DATE($P$3,MONTH(1&$N$3),VALUE(LEFT(E$5,2))),"yyyy-MM-dd")),0)),""))} | F56: {=IF(OR($A53="",F$5=""),"",IFNA(INDEX(DATA_LOG!$D:$D,MATCH(1,(DATA_LOG!$A:$A=$A53)*(TEXT(DATA_LOG!$B:$B,"yyyy-MM-dd")=TEXT(DATE($P$3,MONTH(1&$N$3),VALUE(LEFT(F$5,2))),"yyyy-MM-dd")),0)),""))} | G56: {=IF(OR($A53="",G$5=""),"",IFNA(INDEX(DATA_LOG!$D:$D,MATCH(1,(DATA_LOG!$A:$A=$A53)*(TEXT(DATA_LOG!$B:$B,"yyyy-MM-dd")=TEXT(DATE($P$3,MONTH(1&$N$3),VALUE(LEFT(G$5,2))),"yyyy-MM-dd")),0)),""))} | H56: {=IF(OR($A53="",H$5=""),"",IFNA(INDEX(DATA_LOG!$D:$D,MATCH(1,(DATA_LOG!$A:$A=$A53)*(TEXT(DATA_LOG!$B:$B,"yyyy-MM-dd")=TEXT(DATE($P$3,MONTH(1&$N$3),VALUE(LEFT(H$5,2))),"yyyy-MM-dd")),0)),""))} | I56: {=IF(OR($A53="",I$5=""),"",IFNA(INDEX(DATA_LOG!$D:$D,MATCH(1,(DATA_LOG!$A:$A=$A53)*(TEXT(DATA_LOG!$B:$B,"yyyy-MM-dd")=TEXT(DATE($P$3,MONTH(1&$N$3),VALUE(LEFT(I$5,2))),"yyyy-MM-dd")),0)),""))} | ... AF56: {=IF(OR($A53="",AF$5=""),"",IFNA(INDEX(DATA_LOG!$D:$D,MATCH(1,(DATA_LOG!$A:$A=$A53)*(TEXT(DATA_LOG!$B:$B,"yyyy-MM-dd")=TEXT(DATE($P$3,MONTH(1&$N$3),VALUE(LEFT(AF$5,2))),"yyyy-MM-dd")),0)),""))}
A57: =IF($A53="", "", "TOTAL") -> TOTAL | B57: =IF(OR(B55="",B56=""),"",B56-B55) | C57: =IF(OR(C55="",C56=""),"",C56-C55) | D57: =IF(OR(D55="",D56=""),"",D56-D55) | E57: =IF(OR(E55="",E56=""),"",E56-E55) | F57: =IF(OR(F55="",F56=""),"",F56-F55) | G57: =IF(OR(G55="",G56=""),"",G56-G55) | H57: =IF(OR(H55="",H56=""),"",H56-H55) | I57: =IF(OR(I55="",I56=""),"",I56-I55) | ... AF57: =IF(OR(AF55="",AF56=""),"",AF56-AF55)
A58: =IF($A53="", "", "STATUS") -> STATUS | B58: =IFERROR(__xludf.DUMMYFUNCTION("IF($A53="""","""",IF(B$54="""","""",LET(logStatus,IFNA(INDEX(DATA_LOG!$E:$E,MATCH(1,(DATA_LOG!$A:$A=$A53)*(TEXT(DATA_LOG!$B:$B,""yyyy-MM-dd"")=TEXT(DATE($P$3,MONTH(1&$N$3),VALUE(LEFT(B$54,2))),""yyyy-MM-dd"")),0)),""""),selectedDate,DATE($P$3,MONTH(1&$N$3"&"),VALUE(LEFT(B$54,2))),IF(logStatus<>"""",UPPER(logStatus),IF(selectedDate>TODAY(),""-"",IF(REGEXMATCH(B$54,""SUN""),""WO"",IF(B$57<>"""",IF(VALUE(B$57)>=9/24,""FD"",""HD""),""A"")))))))"),"A") -> A | C58: =IFERROR(__xludf.DUMMYFUNCTION("IF($A53="""","""",IF(C$54="""","""",LET(logStatus,IFNA(INDEX(DATA_LOG!$E:$E,MATCH(1,(DATA_LOG!$A:$A=$A53)*(TEXT(DATA_LOG!$B:$B,""yyyy-MM-dd"")=TEXT(DATE($P$3,MONTH(1&$N$3),VALUE(LEFT(C$54,2))),""yyyy-MM-dd"")),0)),""""),selectedDate,DATE($P$3,MONTH(1&$N$3"&"),VALUE(LEFT(C$54,2))),IF(logStatus<>"""",UPPER(logStatus),IF(selectedDate>TODAY(),""-"",IF(REGEXMATCH(C$54,""SUN""),""WO"",IF(C$57<>"""",IF(VALUE(C$57)>=9/24,""FD"",""HD""),""A"")))))))"),"A") -> A | D58: =IFERROR(__xludf.DUMMYFUNCTION("IF($A53="""","""",IF(D$54="""","""",LET(logStatus,IFNA(INDEX(DATA_LOG!$E:$E,MATCH(1,(DATA_LOG!$A:$A=$A53)*(TEXT(DATA_LOG!$B:$B,""yyyy-MM-dd"")=TEXT(DATE($P$3,MONTH(1&$N$3),VALUE(LEFT(D$54,2))),""yyyy-MM-dd"")),0)),""""),selectedDate,DATE($P$3,MONTH(1&$N$3"&"),VALUE(LEFT(D$54,2))),IF(logStatus<>"""",UPPER(logStatus),IF(selectedDate>TODAY(),""-"",IF(REGEXMATCH(D$54,""SUN""),""WO"",IF(D$57<>"""",IF(VALUE(D$57)>=9/24,""FD"",""HD""),""A"")))))))"),"A") -> A | E58: =IFERROR(__xludf.DUMMYFUNCTION("IF($A53="""","""",IF(E$54="""","""",LET(logStatus,IFNA(INDEX(DATA_LOG!$E:$E,MATCH(1,(DATA_LOG!$A:$A=$A53)*(TEXT(DATA_LOG!$B:$B,""yyyy-MM-dd"")=TEXT(DATE($P$3,MONTH(1&$N$3),VALUE(LEFT(E$54,2))),""yyyy-MM-dd"")),0)),""""),selectedDate,DATE($P$3,MONTH(1&$N$3"&"),VALUE(LEFT(E$54,2))),IF(logStatus<>"""",UPPER(logStatus),IF(selectedDate>TODAY(),""-"",IF(REGEXMATCH(E$54,""SUN""),""WO"",IF(E$57<>"""",IF(VALUE(E$57)>=9/24,""FD"",""HD""),""A"")))))))"),"A") -> A | F58: =IFERROR(__xludf.DUMMYFUNCTION("IF($A53="""","""",IF(F$54="""","""",LET(logStatus,IFNA(INDEX(DATA_LOG!$E:$E,MATCH(1,(DATA_LOG!$A:$A=$A53)*(TEXT(DATA_LOG!$B:$B,""yyyy-MM-dd"")=TEXT(DATE($P$3,MONTH(1&$N$3),VALUE(LEFT(F$54,2))),""yyyy-MM-dd"")),0)),""""),selectedDate,DATE($P$3,MONTH(1&$N$3"&"),VALUE(LEFT(F$54,2))),IF(logStatus<>"""",UPPER(logStatus),IF(selectedDate>TODAY(),""-"",IF(REGEXMATCH(F$54,""SUN""),""WO"",IF(F$57<>"""",IF(VALUE(F$57)>=9/24,""FD"",""HD""),""A"")))))))"),"A") -> A | G58: =IFERROR(__xludf.DUMMYFUNCTION("IF($A53="""","""",IF(G$54="""","""",LET(logStatus,IFNA(INDEX(DATA_LOG!$E:$E,MATCH(1,(DATA_LOG!$A:$A=$A53)*(TEXT(DATA_LOG!$B:$B,""yyyy-MM-dd"")=TEXT(DATE($P$3,MONTH(1&$N$3),VALUE(LEFT(G$54,2))),""yyyy-MM-dd"")),0)),""""),selectedDate,DATE($P$3,MONTH(1&$N$3"&"),VALUE(LEFT(G$54,2))),IF(logStatus<>"""",UPPER(logStatus),IF(selectedDate>TODAY(),""-"",IF(REGEXMATCH(G$54,""SUN""),""WO"",IF(G$57<>"""",IF(VALUE(G$57)>=9/24,""FD"",""HD""),""A"")))))))"),"WO") -> WO | H58: =IFERROR(__xludf.DUMMYFUNCTION("IF($A53="""","""",IF(H$54="""","""",LET(logStatus,IFNA(INDEX(DATA_LOG!$E:$E,MATCH(1,(DATA_LOG!$A:$A=$A53)*(TEXT(DATA_LOG!$B:$B,""yyyy-MM-dd"")=TEXT(DATE($P$3,MONTH(1&$N$3),VALUE(LEFT(H$54,2))),""yyyy-MM-dd"")),0)),""""),selectedDate,DATE($P$3,MONTH(1&$N$3"&"),VALUE(LEFT(H$54,2))),IF(logStatus<>"""",UPPER(logStatus),IF(selectedDate>TODAY(),""-"",IF(REGEXMATCH(H$54,""SUN""),""WO"",IF(H$57<>"""",IF(VALUE(H$57)>=9/24,""FD"",""HD""),""A"")))))))"),"A") -> A | I58: =IFERROR(__xludf.DUMMYFUNCTION("IF($A53="""","""",IF(I$54="""","""",LET(logStatus,IFNA(INDEX(DATA_LOG!$E:$E,MATCH(1,(DATA_LOG!$A:$A=$A53)*(TEXT(DATA_LOG!$B:$B,""yyyy-MM-dd"")=TEXT(DATE($P$3,MONTH(1&$N$3),VALUE(LEFT(I$54,2))),""yyyy-MM-dd"")),0)),""""),selectedDate,DATE($P$3,MONTH(1&$N$3"&"),VALUE(LEFT(I$54,2))),IF(logStatus<>"""",UPPER(logStatus),IF(selectedDate>TODAY(),""-"",IF(REGEXMATCH(I$54,""SUN""),""WO"",IF(I$57<>"""",IF(VALUE(I$57)>=9/24,""FD"",""HD""),""A"")))))))"),"A") -> A | J58: =IFERROR(__xludf.DUMMYFUNCTION("IF($A53="""","""",IF(J$54="""","""",LET(logStatus,IFNA(INDEX(DATA_LOG!$E:$E,MATCH(1,(DATA_LOG!$A:$A=$A53)*(TEXT(DATA_LOG!$B:$B,""yyyy-MM-dd"")=TEXT(DATE($P$3,MONTH(1&$N$3),VALUE(LEFT(J$54,2))),""yyyy-MM-dd"")),0)),""""),selectedDate,DATE($P$3,MONTH(1&$N$3"&"),VALUE(LEFT(J$54,2))),IF(logStatus<>"""",UPPER(logStatus),IF(selectedDate>TODAY(),""-"",IF(REGEXMATCH(J$54,""SUN""),""WO"",IF(J$57<>"""",IF(VALUE(J$57)>=9/24,""FD"",""HD""),""A"")))))))"),"A") -> A | K58: =IFERROR(__xludf.DUMMYFUNCTION("IF($A53="""","""",IF(K$54="""","""",LET(logStatus,IFNA(INDEX(DATA_LOG!$E:$E,MATCH(1,(DATA_LOG!$A:$A=$A53)*(TEXT(DATA_LOG!$B:$B,""yyyy-MM-dd"")=TEXT(DATE($P$3,MONTH(1&$N$3),VALUE(LEFT(K$54,2))),""yyyy-MM-dd"")),0)),""""),selectedDate,DATE($P$3,MONTH(1&$N$3"&"),VALUE(LEFT(K$54,2))),IF(logStatus<>"""",UPPER(logStatus),IF(selectedDate>TODAY(),""-"",IF(REGEXMATCH(K$54,""SUN""),""WO"",IF(K$57<>"""",IF(VALUE(K$57)>=9/24,""FD"",""HD""),""A"")))))))"),"A") -> A | L58: =IFERROR(__xludf.DUMMYFUNCTION("IF($A53="""","""",IF(L$54="""","""",LET(logStatus,IFNA(INDEX(DATA_LOG!$E:$E,MATCH(1,(DATA_LOG!$A:$A=$A53)*(TEXT(DATA_LOG!$B:$B,""yyyy-MM-dd"")=TEXT(DATE($P$3,MONTH(1&$N$3),VALUE(LEFT(L$54,2))),""yyyy-MM-dd"")),0)),""""),selectedDate,DATE($P$3,MONTH(1&$N$3"&"),VALUE(LEFT(L$54,2))),IF(logStatus<>"""",UPPER(logStatus),IF(selectedDate>TODAY(),""-"",IF(REGEXMATCH(L$54,""SUN""),""WO"",IF(L$57<>"""",IF(VALUE(L$57)>=9/24,""FD"",""HD""),""A"")))))))"),"A") -> A | M58: =IFERROR(__xludf.DUMMYFUNCTION("IF($A53="""","""",IF(M$54="""","""",LET(logStatus,IFNA(INDEX(DATA_LOG!$E:$E,MATCH(1,(DATA_LOG!$A:$A=$A53)*(TEXT(DATA_LOG!$B:$B,""yyyy-MM-dd"")=TEXT(DATE($P$3,MONTH(1&$N$3),VALUE(LEFT(M$54,2))),""yyyy-MM-dd"")),0)),""""),selectedDate,DATE($P$3,MONTH(1&$N$3"&"),VALUE(LEFT(M$54,2))),IF(logStatus<>"""",UPPER(logStatus),IF(selectedDate>TODAY(),""-"",IF(REGEXMATCH(M$54,""SUN""),""WO"",IF(M$57<>"""",IF(VALUE(M$57)>=9/24,""FD"",""HD""),""A"")))))))"),"-") -> - | N58: =IFERROR(__xludf.DUMMYFUNCTION("IF($A53="""","""",IF(N$54="""","""",LET(logStatus,IFNA(INDEX(DATA_LOG!$E:$E,MATCH(1,(DATA_LOG!$A:$A=$A53)*(TEXT(DATA_LOG!$B:$B,""yyyy-MM-dd"")=TEXT(DATE($P$3,MONTH(1&$N$3),VALUE(LEFT(N$54,2))),""yyyy-MM-dd"")),0)),""""),selectedDate,DATE($P$3,MONTH(1&$N$3"&"),VALUE(LEFT(N$54,2))),IF(logStatus<>"""",UPPER(logStatus),IF(selectedDate>TODAY(),""-"",IF(REGEXMATCH(N$54,""SUN""),""WO"",IF(N$57<>"""",IF(VALUE(N$57)>=9/24,""FD"",""HD""),""A"")))))))"),"-") -> - | O58: =IFERROR(__xludf.DUMMYFUNCTION("IF($A53="""","""",IF(O$54="""","""",LET(logStatus,IFNA(INDEX(DATA_LOG!$E:$E,MATCH(1,(DATA_LOG!$A:$A=$A53)*(TEXT(DATA_LOG!$B:$B,""yyyy-MM-dd"")=TEXT(DATE($P$3,MONTH(1&$N$3),VALUE(LEFT(O$54,2))),""yyyy-MM-dd"")),0)),""""),selectedDate,DATE($P$3,MONTH(1&$N$3"&"),VALUE(LEFT(O$54,2))),IF(logStatus<>"""",UPPER(logStatus),IF(selectedDate>TODAY(),""-"",IF(REGEXMATCH(O$54,""SUN""),""WO"",IF(O$57<>"""",IF(VALUE(O$57)>=9/24,""FD"",""HD""),""A"")))))))"),"-") -> - | P58: =IFERROR(__xludf.DUMMYFUNCTION("IF($A53="""","""",IF(P$54="""","""",LET(logStatus,IFNA(INDEX(DATA_LOG!$E:$E,MATCH(1,(DATA_LOG!$A:$A=$A53)*(TEXT(DATA_LOG!$B:$B,""yyyy-MM-dd"")=TEXT(DATE($P$3,MONTH(1&$N$3),VALUE(LEFT(P$54,2))),""yyyy-MM-dd"")),0)),""""),selectedDate,DATE($P$3,MONTH(1&$N$3"&"),VALUE(LEFT(P$54,2))),IF(logStatus<>"""",UPPER(logStatus),IF(selectedDate>TODAY(),""-"",IF(REGEXMATCH(P$54,""SUN""),""WO"",IF(P$57<>"""",IF(VALUE(P$57)>=9/24,""FD"",""HD""),""A"")))))))"),"-") -> - | Q58: =IFERROR(__xludf.DUMMYFUNCTION("IF($A53="""","""",IF(Q$54="""","""",LET(logStatus,IFNA(INDEX(DATA_LOG!$E:$E,MATCH(1,(DATA_LOG!$A:$A=$A53)*(TEXT(DATA_LOG!$B:$B,""yyyy-MM-dd"")=TEXT(DATE($P$3,MONTH(1&$N$3),VALUE(LEFT(Q$54,2))),""yyyy-MM-dd"")),0)),""""),selectedDate,DATE($P$3,MONTH(1&$N$3"&"),VALUE(LEFT(Q$54,2))),IF(logStatus<>"""",UPPER(logStatus),IF(selectedDate>TODAY(),""-"",IF(REGEXMATCH(Q$54,""SUN""),""WO"",IF(Q$57<>"""",IF(VALUE(Q$57)>=9/24,""FD"",""HD""),""A"")))))))"),"-") -> - | R58: =IFERROR(__xludf.DUMMYFUNCTION("IF($A53="""","""",IF(R$54="""","""",LET(logStatus,IFNA(INDEX(DATA_LOG!$E:$E,MATCH(1,(DATA_LOG!$A:$A=$A53)*(TEXT(DATA_LOG!$B:$B,""yyyy-MM-dd"")=TEXT(DATE($P$3,MONTH(1&$N$3),VALUE(LEFT(R$54,2))),""yyyy-MM-dd"")),0)),""""),selectedDate,DATE($P$3,MONTH(1&$N$3"&"),VALUE(LEFT(R$54,2))),IF(logStatus<>"""",UPPER(logStatus),IF(selectedDate>TODAY(),""-"",IF(REGEXMATCH(R$54,""SUN""),""WO"",IF(R$57<>"""",IF(VALUE(R$57)>=9/24,""FD"",""HD""),""A"")))))))"),"-") -> - | S58: =IFERROR(__xludf.DUMMYFUNCTION("IF($A53="""","""",IF(S$54="""","""",LET(logStatus,IFNA(INDEX(DATA_LOG!$E:$E,MATCH(1,(DATA_LOG!$A:$A=$A53)*(TEXT(DATA_LOG!$B:$B,""yyyy-MM-dd"")=TEXT(DATE($P$3,MONTH(1&$N$3),VALUE(LEFT(S$54,2))),""yyyy-MM-dd"")),0)),""""),selectedDate,DATE($P$3,MONTH(1&$N$3"&"),VALUE(LEFT(S$54,2))),IF(logStatus<>"""",UPPER(logStatus),IF(selectedDate>TODAY(),""-"",IF(REGEXMATCH(S$54,""SUN""),""WO"",IF(S$57<>"""",IF(VALUE(S$57)>=9/24,""FD"",""HD""),""A"")))))))"),"-") -> - | T58: =IFERROR(__xludf.DUMMYFUNCTION("IF($A53="""","""",IF(T$54="""","""",LET(logStatus,IFNA(INDEX(DATA_LOG!$E:$E,MATCH(1,(DATA_LOG!$A:$A=$A53)*(TEXT(DATA_LOG!$B:$B,""yyyy-MM-dd"")=TEXT(DATE($P$3,MONTH(1&$N$3),VALUE(LEFT(T$54,2))),""yyyy-MM-dd"")),0)),""""),selectedDate,DATE($P$3,MONTH(1&$N$3"&"),VALUE(LEFT(T$54,2))),IF(logStatus<>"""",UPPER(logStatus),IF(selectedDate>TODAY(),""-"",IF(REGEXMATCH(T$54,""SUN""),""WO"",IF(T$57<>"""",IF(VALUE(T$57)>=9/24,""FD"",""HD""),""A"")))))))"),"-") -> - | U58: =IFERROR(__xludf.DUMMYFUNCTION("IF($A53="""","""",IF(U$54="""","""",LET(logStatus,IFNA(INDEX(DATA_LOG!$E:$E,MATCH(1,(DATA_LOG!$A:$A=$A53)*(TEXT(DATA_LOG!$B:$B,""yyyy-MM-dd"")=TEXT(DATE($P$3,MONTH(1&$N$3),VALUE(LEFT(U$54,2))),""yyyy-MM-dd"")),0)),""""),selectedDate,DATE($P$3,MONTH(1&$N$3"&"),VALUE(LEFT(U$54,2))),IF(logStatus<>"""",UPPER(logStatus),IF(selectedDate>TODAY(),""-"",IF(REGEXMATCH(U$54,""SUN""),""WO"",IF(U$57<>"""",IF(VALUE(U$57)>=9/24,""FD"",""HD""),""A"")))))))"),"-") -> - | V58: =IFERROR(__xludf.DUMMYFUNCTION("IF($A53="""","""",IF(V$54="""","""",LET(logStatus,IFNA(INDEX(DATA_LOG!$E:$E,MATCH(1,(DATA_LOG!$A:$A=$A53)*(TEXT(DATA_LOG!$B:$B,""yyyy-MM-dd"")=TEXT(DATE($P$3,MONTH(1&$N$3),VALUE(LEFT(V$54,2))),""yyyy-MM-dd"")),0)),""""),selectedDate,DATE($P$3,MONTH(1&$N$3"&"),VALUE(LEFT(V$54,2))),IF(logStatus<>"""",UPPER(logStatus),IF(selectedDate>TODAY(),""-"",IF(REGEXMATCH(V$54,""SUN""),""WO"",IF(V$57<>"""",IF(VALUE(V$57)>=9/24,""FD"",""HD""),""A"")))))))"),"-") -> - | W58: =IFERROR(__xludf.DUMMYFUNCTION("IF($A53="""","""",IF(W$54="""","""",LET(logStatus,IFNA(INDEX(DATA_LOG!$E:$E,MATCH(1,(DATA_LOG!$A:$A=$A53)*(TEXT(DATA_LOG!$B:$B,""yyyy-MM-dd"")=TEXT(DATE($P$3,MONTH(1&$N$3),VALUE(LEFT(W$54,2))),""yyyy-MM-dd"")),0)),""""),selectedDate,DATE($P$3,MONTH(1&$N$3"&"),VALUE(LEFT(W$54,2))),IF(logStatus<>"""",UPPER(logStatus),IF(selectedDate>TODAY(),""-"",IF(REGEXMATCH(W$54,""SUN""),""WO"",IF(W$57<>"""",IF(VALUE(W$57)>=9/24,""FD"",""HD""),""A"")))))))"),"-") -> - | X58: =IFERROR(__xludf.DUMMYFUNCTION("IF($A53="""","""",IF(X$54="""","""",LET(logStatus,IFNA(INDEX(DATA_LOG!$E:$E,MATCH(1,(DATA_LOG!$A:$A=$A53)*(TEXT(DATA_LOG!$B:$B,""yyyy-MM-dd"")=TEXT(DATE($P$3,MONTH(1&$N$3),VALUE(LEFT(X$54,2))),""yyyy-MM-dd"")),0)),""""),selectedDate,DATE($P$3,MONTH(1&$N$3"&"),VALUE(LEFT(X$54,2))),IF(logStatus<>"""",UPPER(logStatus),IF(selectedDate>TODAY(),""-"",IF(REGEXMATCH(X$54,""SUN""),""WO"",IF(X$57<>"""",IF(VALUE(X$57)>=9/24,""FD"",""HD""),""A"")))))))"),"-") -> - | Y58: =IFERROR(__xludf.DUMMYFUNCTION("IF($A53="""","""",IF(Y$54="""","""",LET(logStatus,IFNA(INDEX(DATA_LOG!$E:$E,MATCH(1,(DATA_LOG!$A:$A=$A53)*(TEXT(DATA_LOG!$B:$B,""yyyy-MM-dd"")=TEXT(DATE($P$3,MONTH(1&$N$3),VALUE(LEFT(Y$54,2))),""yyyy-MM-dd"")),0)),""""),selectedDate,DATE($P$3,MONTH(1&$N$3"&"),VALUE(LEFT(Y$54,2))),IF(logStatus<>"""",UPPER(logStatus),IF(selectedDate>TODAY(),""-"",IF(REGEXMATCH(Y$54,""SUN""),""WO"",IF(Y$57<>"""",IF(VALUE(Y$57)>=9/24,""FD"",""HD""),""A"")))))))"),"-") -> - | Z58: =IFERROR(__xludf.DUMMYFUNCTION("IF($A53="""","""",IF(Z$54="""","""",LET(logStatus,IFNA(INDEX(DATA_LOG!$E:$E,MATCH(1,(DATA_LOG!$A:$A=$A53)*(TEXT(DATA_LOG!$B:$B,""yyyy-MM-dd"")=TEXT(DATE($P$3,MONTH(1&$N$3),VALUE(LEFT(Z$54,2))),""yyyy-MM-dd"")),0)),""""),selectedDate,DATE($P$3,MONTH(1&$N$3"&"),VALUE(LEFT(Z$54,2))),IF(logStatus<>"""",UPPER(logStatus),IF(selectedDate>TODAY(),""-"",IF(REGEXMATCH(Z$54,""SUN""),""WO"",IF(Z$57<>"""",IF(VALUE(Z$57)>=9/24,""FD"",""HD""),""A"")))))))"),"-") -> - | AA58: =IFERROR(__xludf.DUMMYFUNCTION("IF($A53="""","""",IF(AA$54="""","""",LET(logStatus,IFNA(INDEX(DATA_LOG!$E:$E,MATCH(1,(DATA_LOG!$A:$A=$A53)*(TEXT(DATA_LOG!$B:$B,""yyyy-MM-dd"")=TEXT(DATE($P$3,MONTH(1&$N$3),VALUE(LEFT(AA$54,2))),""yyyy-MM-dd"")),0)),""""),selectedDate,DATE($P$3,MONTH(1&$N"&"$3),VALUE(LEFT(AA$54,2))),IF(logStatus<>"""",UPPER(logStatus),IF(selectedDate>TODAY(),""-"",IF(REGEXMATCH(AA$54,""SUN""),""WO"",IF(AA$57<>"""",IF(VALUE(AA$57)>=9/24,""FD"",""HD""),""A"")))))))"),"-") -> - | AB58: =IFERROR(__xludf.DUMMYFUNCTION("IF($A53="""","""",IF(AB$54="""","""",LET(logStatus,IFNA(INDEX(DATA_LOG!$E:$E,MATCH(1,(DATA_LOG!$A:$A=$A53)*(TEXT(DATA_LOG!$B:$B,""yyyy-MM-dd"")=TEXT(DATE($P$3,MONTH(1&$N$3),VALUE(LEFT(AB$54,2))),""yyyy-MM-dd"")),0)),""""),selectedDate,DATE($P$3,MONTH(1&$N"&"$3),VALUE(LEFT(AB$54,2))),IF(logStatus<>"""",UPPER(logStatus),IF(selectedDate>TODAY(),""-"",IF(REGEXMATCH(AB$54,""SUN""),""WO"",IF(AB$57<>"""",IF(VALUE(AB$57)>=9/24,""FD"",""HD""),""A"")))))))"),"-") -> - | AC58: =IFERROR(__xludf.DUMMYFUNCTION("IF($A53="""","""",IF(AC$54="""","""",LET(logStatus,IFNA(INDEX(DATA_LOG!$E:$E,MATCH(1,(DATA_LOG!$A:$A=$A53)*(TEXT(DATA_LOG!$B:$B,""yyyy-MM-dd"")=TEXT(DATE($P$3,MONTH(1&$N$3),VALUE(LEFT(AC$54,2))),""yyyy-MM-dd"")),0)),""""),selectedDate,DATE($P$3,MONTH(1&$N"&"$3),VALUE(LEFT(AC$54,2))),IF(logStatus<>"""",UPPER(logStatus),IF(selectedDate>TODAY(),""-"",IF(REGEXMATCH(AC$54,""SUN""),""WO"",IF(AC$57<>"""",IF(VALUE(AC$57)>=9/24,""FD"",""HD""),""A"")))))))"),"-") -> - | AD58: =IF($A53="","",IF(B$54="","",LET(logStatus,IFNA(INDEX(DATA_LOG!$E:$E,MATCH(1,(DATA_LOG!$A:$A=$A53)*(TEXT(DATA_LOG!$B:$B,"yyyy-MM-dd")=TEXT(DATE($P$3,MONTH(1&$N$3),VALUE(LEFT(B$54,2))),"yyyy-MM-dd")),0)),""),selectedDate,DATE($P$3,MONTH(1&$N$3),VALUE(LEFT(B$54,2))),IF(logStatus<>"",UPPER(logStatus),IF(selectedDate>TODAY(),"-",IF(REGEXMATCH(B$54,"SUN"),"WO",IF(B$57<>"",IF(VALUE(B$57)>=9/24,"FD","HD"),"A")))))) -> #ERROR! | AE58: =IF($A53="","",IF(B$54="","",LET(logStatus,IFNA(INDEX(DATA_LOG!$E:$E,MATCH(1,(DATA_LOG!$A:$A=$A53)*(TEXT(DATA_LOG!$B:$B,"yyyy-MM-dd")=TEXT(DATE($P$3,MONTH(1&$N$3),VALUE(LEFT(B$54,2))),"yyyy-MM-dd")),0)),""),selectedDate,DATE($P$3,MONTH(1&$N$3),VALUE(LEFT(B$54,2))),IF(logStatus<>"",UPPER(logStatus),IF(selectedDate>TODAY(),"-",IF(REGEXMATCH(B$54,"SUN"),"WO",IF(B$57<>"",IF(VALUE(B$57)>=9/24,"FD","HD"),"A")))))) -> #ERROR! | AF58: =IF($A53="","",IF(B$54="","",LET(logStatus,IFNA(INDEX(DATA_LOG!$E:$E,MATCH(1,(DATA_LOG!$A:$A=$A53)*(TEXT(DATA_LOG!$B:$B,"yyyy-MM-dd")=TEXT(DATE($P$3,MONTH(1&$N$3),VALUE(LEFT(B$54,2))),"yyyy-MM-dd")),0)),""),selectedDate,DATE($P$3,MONTH(1&$N$3),VALUE(LEFT(B$54,2))),IF(logStatus<>"",UPPER(logStatus),IF(selectedDate>TODAY(),"-",IF(REGEXMATCH(B$54,"SUN"),"WO",IF(B$57<>"",IF(VALUE(B$57)>=9/24,"FD","HD"),"A")))))) -> #ERROR!
A60: {=INDEX(EMPLOYEE_LIST!$A:$A,INT((ROW()-4)/7)+2)} -> RANVIR KUMAR | D60: =IF(A60="", "", IFERROR(VLOOKUP(A60, EMPLOYEE_LIST!$A:$H, 2, FALSE), "")) -> AYV31 | H60: =IF(A60="", "", IFERROR(VLOOKUP(A60, EMPLOYEE_LIST!$A:$H, 3, FALSE), "")) -> ENGINEERING | L60: =IF(A60="", "", IFERROR(VLOOKUP(A60, EMPLOYEE_LIST!$A:$H, 4, FALSE), "")) -> SITE ENGINEER | P60: =IF($A60="", "", "Full Day: " & COUNTIF(B65:AF65, "FD")) -> Full Day: 0 | S60: =IF($A60="", "", "HALF Day: " & COUNTIF(B65:AF65, "HD")) -> HALF Day: 0 | V60: =IF($A60="", "", "ABSENT: " & COUNTIF(B65:AF65, "A")) -> ABSENT: 10 | Y60: =IF($A60="", "", "WEEK OFF: " & COUNTIF(B65:AF65, "WO")) -> WEEK OFF: 1 | AB60: =IF($A60="", "", "LEAVE: " & COUNTIF(B65:AF65, "L")) -> LEAVE: 0 | AD60: =IF($A60="", "", "HOLIDAY: " & COUNTIF(B65:AF65, "HL")) -> HOLIDAY: 0
A61: =IF($A60="", "", "DATE") -> DATE | B61: {=IF($A60="","",LET(mNum,MONTH(1&$N$3),start,DATE($P$3,mNum,1),days,DAY(EOMONTH(start,0)),MAP(SEQUENCE(1,days,0),LAMBDA(n,UPPER(TEXT(start+n,"dd (ddd)"))))))} -> 01 (TUE) | C61: 02 (WED) | D61: 03 (THU) | E61: 04 (FRI) | F61: 05 (SAT) | G61: 06 (SUN) | H61: 07 (MON) | I61: 08 (TUE) | J61: 09 (WED) | K61: 10 (THU) | L61: 11 (FRI) | M61: 12 (SAT) | N61: 13 (SUN) | O61: 14 (MON) | P61: 15 (TUE) | Q61: 16 (WED) | R61: 17 (THU) | S61: 18 (FRI) | T61: 19 (SAT) | U61: 20 (SUN) | V61: 21 (MON) | W61: 22 (TUE) | X61: 23 (WED) | Y61: 24 (THU) | Z61: 25 (FRI) | AA61: 26 (SAT) | AB61: 27 (SUN) | AC61: 28 (MON) | AD61: 29 (TUE) | AE61: 30 (WED)
A62: =IF($A60="", "", "IN") -> IN | B62: {=IF(OR($A60="",B$61=""),"",IFNA(INDEX(DATA_LOG!$C:$C,MATCH(1,(DATA_LOG!$A:$A=$A60)*(TEXT(DATA_LOG!$B:$B,"yyyy-MM-dd")=TEXT(DATE($P$3,MONTH(1&$N$3),VALUE(LEFT(B$61,2))),"yyyy-MM-dd")),0)),""))} | C62: {=IF(OR($A60="",C$61=""),"",IFNA(INDEX(DATA_LOG!$C:$C,MATCH(1,(DATA_LOG!$A:$A=$A60)*(TEXT(DATA_LOG!$B:$B,"yyyy-MM-dd")=TEXT(DATE($P$3,MONTH(1&$N$3),VALUE(LEFT(C$61,2))),"yyyy-MM-dd")),0)),""))} | D62: {=IF(OR($A60="",D$61=""),"",IFNA(INDEX(DATA_LOG!$C:$C,MATCH(1,(DATA_LOG!$A:$A=$A60)*(TEXT(DATA_LOG!$B:$B,"yyyy-MM-dd")=TEXT(DATE($P$3,MONTH(1&$N$3),VALUE(LEFT(D$61,2))),"yyyy-MM-dd")),0)),""))} | E62: {=IF(OR($A60="",E$61=""),"",IFNA(INDEX(DATA_LOG!$C:$C,MATCH(1,(DATA_LOG!$A:$A=$A60)*(TEXT(DATA_LOG!$B:$B,"yyyy-MM-dd")=TEXT(DATE($P$3,MONTH(1&$N$3),VALUE(LEFT(E$61,2))),"yyyy-MM-dd")),0)),""))} | F62: {=IF(OR($A60="",F$61=""),"",IFNA(INDEX(DATA_LOG!$C:$C,MATCH(1,(DATA_LOG!$A:$A=$A60)*(TEXT(DATA_LOG!$B:$B,"yyyy-MM-dd")=TEXT(DATE($P$3,MONTH(1&$N$3),VALUE(LEFT(F$61,2))),"yyyy-MM-dd")),0)),""))} | G62: {=IF(OR($A60="",G$61=""),"",IFNA(INDEX(DATA_LOG!$C:$C,MATCH(1,(DATA_LOG!$A:$A=$A60)*(TEXT(DATA_LOG!$B:$B,"yyyy-MM-dd")=TEXT(DATE($P$3,MONTH(1&$N$3),VALUE(LEFT(G$61,2))),"yyyy-MM-dd")),0)),""))} | H62: {=IF(OR($A60="",H$61=""),"",IFNA(INDEX(DATA_LOG!$C:$C,MATCH(1,(DATA_LOG!$A:$A=$A60)*(TEXT(DATA_LOG!$B:$B,"yyyy-MM-dd")=TEXT(DATE($P$3,MONTH(1&$N$3),VALUE(LEFT(H$61,2))),"yyyy-MM-dd")),0)),""))} | I62: {=IF(OR($A60="",I$61=""),"",IFNA(INDEX(DATA_LOG!$C:$C,MATCH(1,(DATA_LOG!$A:$A=$A60)*(TEXT(DATA_LOG!$B:$B,"yyyy-MM-dd")=TEXT(DATE($P$3,MONTH(1&$N$3),VALUE(LEFT(I$61,2))),"yyyy-MM-dd")),0)),""))} | ... AF62: {=IF(OR($A60="",AF$61=""),"",IFNA(INDEX(DATA_LOG!$C:$C,MATCH(1,(DATA_LOG!$A:$A=$A60)*(TEXT(DATA_LOG!$B:$B,"yyyy-MM-dd")=TEXT(DATE($P$3,MONTH(1&$N$3),VALUE(LEFT(AF$61,2))),"yyyy-MM-dd")),0)),""))}
A63: =IF($A60="", "", "OUT") -> OUT | B63: {=IF(OR($A60="",B$61=""),"",IFNA(INDEX(DATA_LOG!$D:$D,MATCH(1,(DATA_LOG!$A:$A=$A60)*(TEXT(DATA_LOG!$B:$B,"yyyy-MM-dd")=TEXT(DATE($P$3,MONTH(1&$N$3),VALUE(LEFT(B$61,2))),"yyyy-MM-dd")),0)),""))} | C63: {=IF(OR($A60="",C$61=""),"",IFNA(INDEX(DATA_LOG!$D:$D,MATCH(1,(DATA_LOG!$A:$A=$A60)*(TEXT(DATA_LOG!$B:$B,"yyyy-MM-dd")=TEXT(DATE($P$3,MONTH(1&$N$3),VALUE(LEFT(C$61,2))),"yyyy-MM-dd")),0)),""))} | D63: {=IF(OR($A60="",D$61=""),"",IFNA(INDEX(DATA_LOG!$D:$D,MATCH(1,(DATA_LOG!$A:$A=$A60)*(TEXT(DATA_LOG!$B:$B,"yyyy-MM-dd")=TEXT(DATE($P$3,MONTH(1&$N$3),VALUE(LEFT(D$61,2))),"yyyy-MM-dd")),0)),""))} | E63: {=IF(OR($A60="",E$61=""),"",IFNA(INDEX(DATA_LOG!$D:$D,MATCH(1,(DATA_LOG!$A:$A=$A60)*(TEXT(DATA_LOG!$B:$B,"yyyy-MM-dd")=TEXT(DATE($P$3,MONTH(1&$N$3),VALUE(LEFT(E$61,2))),"yyyy-MM-dd")),0)),""))} | F63: {=IF(OR($A60="",F$61=""),"",IFNA(INDEX(DATA_LOG!$D:$D,MATCH(1,(DATA_LOG!$A:$A=$A60)*(TEXT(DATA_LOG!$B:$B,"yyyy-MM-dd")=TEXT(DATE($P$3,MONTH(1&$N$3),VALUE(LEFT(F$61,2))),"yyyy-MM-dd")),0)),""))} | G63: {=IF(OR($A60="",G$61=""),"",IFNA(INDEX(DATA_LOG!$D:$D,MATCH(1,(DATA_LOG!$A:$A=$A60)*(TEXT(DATA_LOG!$B:$B,"yyyy-MM-dd")=TEXT(DATE($P$3,MONTH(1&$N$3),VALUE(LEFT(G$61,2))),"yyyy-MM-dd")),0)),""))} | H63: {=IF(OR($A60="",H$61=""),"",IFNA(INDEX(DATA_LOG!$D:$D,MATCH(1,(DATA_LOG!$A:$A=$A60)*(TEXT(DATA_LOG!$B:$B,"yyyy-MM-dd")=TEXT(DATE($P$3,MONTH(1&$N$3),VALUE(LEFT(H$61,2))),"yyyy-MM-dd")),0)),""))} | I63: {=IF(OR($A60="",I$61=""),"",IFNA(INDEX(DATA_LOG!$D:$D,MATCH(1,(DATA_LOG!$A:$A=$A60)*(TEXT(DATA_LOG!$B:$B,"yyyy-MM-dd")=TEXT(DATE($P$3,MONTH(1&$N$3),VALUE(LEFT(I$61,2))),"yyyy-MM-dd")),0)),""))} | ... AF63: {=IF(OR($A60="",AF$61=""),"",IFNA(INDEX(DATA_LOG!$D:$D,MATCH(1,(DATA_LOG!$A:$A=$A60)*(TEXT(DATA_LOG!$B:$B,"yyyy-MM-dd")=TEXT(DATE($P$3,MONTH(1&$N$3),VALUE(LEFT(AF$61,2))),"yyyy-MM-dd")),0)),""))}
A64: =IF($A60="", "", "TOTAL") -> TOTAL | B64: =IF(AND(B62<>"",B63<>""),TEXT(MOD(B63-B62,1),"hh:mm"),"") | C64: =IF(AND(C62<>"",C63<>""),TEXT(MOD(C63-C62,1),"hh:mm"),"") | D64: =IF(AND(D62<>"",D63<>""),TEXT(MOD(D63-D62,1),"hh:mm"),"") | E64: =IF(AND(E62<>"",E63<>""),TEXT(MOD(E63-E62,1),"hh:mm"),"") | F64: =IF(AND(F62<>"",F63<>""),TEXT(MOD(F63-F62,1),"hh:mm"),"") | G64: =IF(AND(G62<>"",G63<>""),TEXT(MOD(G63-G62,1),"hh:mm"),"") | H64: =IF(AND(H62<>"",H63<>""),TEXT(MOD(H63-H62,1),"hh:mm"),"") | I64: =IF(AND(I62<>"",I63<>""),TEXT(MOD(I63-I62,1),"hh:mm"),"") | ... AF64: =IF(AND(AF62<>"",AF63<>""),TEXT(MOD(AF63-AF62,1),"hh:mm"),"")
A65: =IF($A60="", "", "STATUS") -> STATUS | B65: =IFERROR(__xludf.DUMMYFUNCTION("IF($A60="""","""",IF(B$61="""","""",LET(logStatus,IFNA(INDEX(DATA_LOG!$E:$E,MATCH(1,(DATA_LOG!$A:$A=$A60)*(TEXT(DATA_LOG!$B:$B,""yyyy-MM-dd"")=TEXT(DATE($P$3,MONTH(1&$N$3),VALUE(LEFT(B$61,2))),""yyyy-MM-dd"")),0)),""""),selectedDate,DATE($P$3,MONTH(1&$N$3"&"),VALUE(LEFT(B$61,2))),IF(logStatus<>"""",UPPER(logStatus),IF(selectedDate>TODAY(),""-"",IF(REGEXMATCH(B$61,""SUN""),""WO"",IF(B$64<>"""",IF(VALUE(B$64)>=9/24,""FD"",""HD""),""A"")))))))"),"A") -> A | C65: =IFERROR(__xludf.DUMMYFUNCTION("IF($A60="""","""",IF(C$61="""","""",LET(logStatus,IFNA(INDEX(DATA_LOG!$E:$E,MATCH(1,(DATA_LOG!$A:$A=$A60)*(TEXT(DATA_LOG!$B:$B,""yyyy-MM-dd"")=TEXT(DATE($P$3,MONTH(1&$N$3),VALUE(LEFT(C$61,2))),""yyyy-MM-dd"")),0)),""""),selectedDate,DATE($P$3,MONTH(1&$N$3"&"),VALUE(LEFT(C$61,2))),IF(logStatus<>"""",UPPER(logStatus),IF(selectedDate>TODAY(),""-"",IF(REGEXMATCH(C$61,""SUN""),""WO"",IF(C$64<>"""",IF(VALUE(C$64)>=9/24,""FD"",""HD""),""A"")))))))"),"A") -> A | D65: =IFERROR(__xludf.DUMMYFUNCTION("IF($A60="""","""",IF(D$61="""","""",LET(logStatus,IFNA(INDEX(DATA_LOG!$E:$E,MATCH(1,(DATA_LOG!$A:$A=$A60)*(TEXT(DATA_LOG!$B:$B,""yyyy-MM-dd"")=TEXT(DATE($P$3,MONTH(1&$N$3),VALUE(LEFT(D$61,2))),""yyyy-MM-dd"")),0)),""""),selectedDate,DATE($P$3,MONTH(1&$N$3"&"),VALUE(LEFT(D$61,2))),IF(logStatus<>"""",UPPER(logStatus),IF(selectedDate>TODAY(),""-"",IF(REGEXMATCH(D$61,""SUN""),""WO"",IF(D$64<>"""",IF(VALUE(D$64)>=9/24,""FD"",""HD""),""A"")))))))"),"A") -> A | E65: =IFERROR(__xludf.DUMMYFUNCTION("IF($A60="""","""",IF(E$61="""","""",LET(logStatus,IFNA(INDEX(DATA_LOG!$E:$E,MATCH(1,(DATA_LOG!$A:$A=$A60)*(TEXT(DATA_LOG!$B:$B,""yyyy-MM-dd"")=TEXT(DATE($P$3,MONTH(1&$N$3),VALUE(LEFT(E$61,2))),""yyyy-MM-dd"")),0)),""""),selectedDate,DATE($P$3,MONTH(1&$N$3"&"),VALUE(LEFT(E$61,2))),IF(logStatus<>"""",UPPER(logStatus),IF(selectedDate>TODAY(),""-"",IF(REGEXMATCH(E$61,""SUN""),""WO"",IF(E$64<>"""",IF(VALUE(E$64)>=9/24,""FD"",""HD""),""A"")))))))"),"A") -> A | F65: =IFERROR(__xludf.DUMMYFUNCTION("IF($A60="""","""",IF(F$61="""","""",LET(logStatus,IFNA(INDEX(DATA_LOG!$E:$E,MATCH(1,(DATA_LOG!$A:$A=$A60)*(TEXT(DATA_LOG!$B:$B,""yyyy-MM-dd"")=TEXT(DATE($P$3,MONTH(1&$N$3),VALUE(LEFT(F$61,2))),""yyyy-MM-dd"")),0)),""""),selectedDate,DATE($P$3,MONTH(1&$N$3"&"),VALUE(LEFT(F$61,2))),IF(logStatus<>"""",UPPER(logStatus),IF(selectedDate>TODAY(),""-"",IF(REGEXMATCH(F$61,""SUN""),""WO"",IF(F$64<>"""",IF(VALUE(F$64)>=9/24,""FD"",""HD""),""A"")))))))"),"A") -> A | G65: =IFERROR(__xludf.DUMMYFUNCTION("IF($A60="""","""",IF(G$61="""","""",LET(logStatus,IFNA(INDEX(DATA_LOG!$E:$E,MATCH(1,(DATA_LOG!$A:$A=$A60)*(TEXT(DATA_LOG!$B:$B,""yyyy-MM-dd"")=TEXT(DATE($P$3,MONTH(1&$N$3),VALUE(LEFT(G$61,2))),""yyyy-MM-dd"")),0)),""""),selectedDate,DATE($P$3,MONTH(1&$N$3"&"),VALUE(LEFT(G$61,2))),IF(logStatus<>"""",UPPER(logStatus),IF(selectedDate>TODAY(),""-"",IF(REGEXMATCH(G$61,""SUN""),""WO"",IF(G$64<>"""",IF(VALUE(G$64)>=9/24,""FD"",""HD""),""A"")))))))"),"WO") -> WO | H65: =IFERROR(__xludf.DUMMYFUNCTION("IF($A60="""","""",IF(H$61="""","""",LET(logStatus,IFNA(INDEX(DATA_LOG!$E:$E,MATCH(1,(DATA_LOG!$A:$A=$A60)*(TEXT(DATA_LOG!$B:$B,""yyyy-MM-dd"")=TEXT(DATE($P$3,MONTH(1&$N$3),VALUE(LEFT(H$61,2))),""yyyy-MM-dd"")),0)),""""),selectedDate,DATE($P$3,MONTH(1&$N$3"&"),VALUE(LEFT(H$61,2))),IF(logStatus<>"""",UPPER(logStatus),IF(selectedDate>TODAY(),""-"",IF(REGEXMATCH(H$61,""SUN""),""WO"",IF(H$64<>"""",IF(VALUE(H$64)>=9/24,""FD"",""HD""),""A"")))))))"),"A") -> A | I65: =IFERROR(__xludf.DUMMYFUNCTION("IF($A60="""","""",IF(I$61="""","""",LET(logStatus,IFNA(INDEX(DATA_LOG!$E:$E,MATCH(1,(DATA_LOG!$A:$A=$A60)*(TEXT(DATA_LOG!$B:$B,""yyyy-MM-dd"")=TEXT(DATE($P$3,MONTH(1&$N$3),VALUE(LEFT(I$61,2))),""yyyy-MM-dd"")),0)),""""),selectedDate,DATE($P$3,MONTH(1&$N$3"&"),VALUE(LEFT(I$61,2))),IF(logStatus<>"""",UPPER(logStatus),IF(selectedDate>TODAY(),""-"",IF(REGEXMATCH(I$61,""SUN""),""WO"",IF(I$64<>"""",IF(VALUE(I$64)>=9/24,""FD"",""HD""),""A"")))))))"),"A") -> A | J65: =IFERROR(__xludf.DUMMYFUNCTION("IF($A60="""","""",IF(J$61="""","""",LET(logStatus,IFNA(INDEX(DATA_LOG!$E:$E,MATCH(1,(DATA_LOG!$A:$A=$A60)*(TEXT(DATA_LOG!$B:$B,""yyyy-MM-dd"")=TEXT(DATE($P$3,MONTH(1&$N$3),VALUE(LEFT(J$61,2))),""yyyy-MM-dd"")),0)),""""),selectedDate,DATE($P$3,MONTH(1&$N$3"&"),VALUE(LEFT(J$61,2))),IF(logStatus<>"""",UPPER(logStatus),IF(selectedDate>TODAY(),""-"",IF(REGEXMATCH(J$61,""SUN""),""WO"",IF(J$64<>"""",IF(VALUE(J$64)>=9/24,""FD"",""HD""),""A"")))))))"),"A") -> A | K65: =IFERROR(__xludf.DUMMYFUNCTION("IF($A60="""","""",IF(K$61="""","""",LET(logStatus,IFNA(INDEX(DATA_LOG!$E:$E,MATCH(1,(DATA_LOG!$A:$A=$A60)*(TEXT(DATA_LOG!$B:$B,""yyyy-MM-dd"")=TEXT(DATE($P$3,MONTH(1&$N$3),VALUE(LEFT(K$61,2))),""yyyy-MM-dd"")),0)),""""),selectedDate,DATE($P$3,MONTH(1&$N$3"&"),VALUE(LEFT(K$61,2))),IF(logStatus<>"""",UPPER(logStatus),IF(selectedDate>TODAY(),""-"",IF(REGEXMATCH(K$61,""SUN""),""WO"",IF(K$64<>"""",IF(VALUE(K$64)>=9/24,""FD"",""HD""),""A"")))))))"),"A") -> A | L65: =IFERROR(__xludf.DUMMYFUNCTION("IF($A60="""","""",IF(L$61="""","""",LET(logStatus,IFNA(INDEX(DATA_LOG!$E:$E,MATCH(1,(DATA_LOG!$A:$A=$A60)*(TEXT(DATA_LOG!$B:$B,""yyyy-MM-dd"")=TEXT(DATE($P$3,MONTH(1&$N$3),VALUE(LEFT(L$61,2))),""yyyy-MM-dd"")),0)),""""),selectedDate,DATE($P$3,MONTH(1&$N$3"&"),VALUE(LEFT(L$61,2))),IF(logStatus<>"""",UPPER(logStatus),IF(selectedDate>TODAY(),""-"",IF(REGEXMATCH(L$61,""SUN""),""WO"",IF(L$64<>"""",IF(VALUE(L$64)>=9/24,""FD"",""HD""),""A"")))))))"),"A") -> A | M65: =IFERROR(__xludf.DUMMYFUNCTION("IF($A60="""","""",IF(M$61="""","""",LET(logStatus,IFNA(INDEX(DATA_LOG!$E:$E,MATCH(1,(DATA_LOG!$A:$A=$A60)*(TEXT(DATA_LOG!$B:$B,""yyyy-MM-dd"")=TEXT(DATE($P$3,MONTH(1&$N$3),VALUE(LEFT(M$61,2))),""yyyy-MM-dd"")),0)),""""),selectedDate,DATE($P$3,MONTH(1&$N$3"&"),VALUE(LEFT(M$61,2))),IF(logStatus<>"""",UPPER(logStatus),IF(selectedDate>TODAY(),""-"",IF(REGEXMATCH(M$61,""SUN""),""WO"",IF(M$64<>"""",IF(VALUE(M$64)>=9/24,""FD"",""HD""),""A"")))))))"),"-") -> - | N65: =IFERROR(__xludf.DUMMYFUNCTION("IF($A60="""","""",IF(N$61="""","""",LET(logStatus,IFNA(INDEX(DATA_LOG!$E:$E,MATCH(1,(DATA_LOG!$A:$A=$A60)*(TEXT(DATA_LOG!$B:$B,""yyyy-MM-dd"")=TEXT(DATE($P$3,MONTH(1&$N$3),VALUE(LEFT(N$61,2))),""yyyy-MM-dd"")),0)),""""),selectedDate,DATE($P$3,MONTH(1&$N$3"&"),VALUE(LEFT(N$61,2))),IF(logStatus<>"""",UPPER(logStatus),IF(selectedDate>TODAY(),""-"",IF(REGEXMATCH(N$61,""SUN""),""WO"",IF(N$64<>"""",IF(VALUE(N$64)>=9/24,""FD"",""HD""),""A"")))))))"),"-") -> - | O65: =IFERROR(__xludf.DUMMYFUNCTION("IF($A60="""","""",IF(O$61="""","""",LET(logStatus,IFNA(INDEX(DATA_LOG!$E:$E,MATCH(1,(DATA_LOG!$A:$A=$A60)*(TEXT(DATA_LOG!$B:$B,""yyyy-MM-dd"")=TEXT(DATE($P$3,MONTH(1&$N$3),VALUE(LEFT(O$61,2))),""yyyy-MM-dd"")),0)),""""),selectedDate,DATE($P$3,MONTH(1&$N$3"&"),VALUE(LEFT(O$61,2))),IF(logStatus<>"""",UPPER(logStatus),IF(selectedDate>TODAY(),""-"",IF(REGEXMATCH(O$61,""SUN""),""WO"",IF(O$64<>"""",IF(VALUE(O$64)>=9/24,""FD"",""HD""),""A"")))))))"),"-") -> - | P65: =IFERROR(__xludf.DUMMYFUNCTION("IF($A60="""","""",IF(P$61="""","""",LET(logStatus,IFNA(INDEX(DATA_LOG!$E:$E,MATCH(1,(DATA_LOG!$A:$A=$A60)*(TEXT(DATA_LOG!$B:$B,""yyyy-MM-dd"")=TEXT(DATE($P$3,MONTH(1&$N$3),VALUE(LEFT(P$61,2))),""yyyy-MM-dd"")),0)),""""),selectedDate,DATE($P$3,MONTH(1&$N$3"&"),VALUE(LEFT(P$61,2))),IF(logStatus<>"""",UPPER(logStatus),IF(selectedDate>TODAY(),""-"",IF(REGEXMATCH(P$61,""SUN""),""WO"",IF(P$64<>"""",IF(VALUE(P$64)>=9/24,""FD"",""HD""),""A"")))))))"),"-") -> - | Q65: =IFERROR(__xludf.DUMMYFUNCTION("IF($A60="""","""",IF(Q$61="""","""",LET(logStatus,IFNA(INDEX(DATA_LOG!$E:$E,MATCH(1,(DATA_LOG!$A:$A=$A60)*(TEXT(DATA_LOG!$B:$B,""yyyy-MM-dd"")=TEXT(DATE($P$3,MONTH(1&$N$3),VALUE(LEFT(Q$61,2))),""yyyy-MM-dd"")),0)),""""),selectedDate,DATE($P$3,MONTH(1&$N$3"&"),VALUE(LEFT(Q$61,2))),IF(logStatus<>"""",UPPER(logStatus),IF(selectedDate>TODAY(),""-"",IF(REGEXMATCH(Q$61,""SUN""),""WO"",IF(Q$64<>"""",IF(VALUE(Q$64)>=9/24,""FD"",""HD""),""A"")))))))"),"-") -> - | R65: =IFERROR(__xludf.DUMMYFUNCTION("IF($A60="""","""",IF(R$61="""","""",LET(logStatus,IFNA(INDEX(DATA_LOG!$E:$E,MATCH(1,(DATA_LOG!$A:$A=$A60)*(TEXT(DATA_LOG!$B:$B,""yyyy-MM-dd"")=TEXT(DATE($P$3,MONTH(1&$N$3),VALUE(LEFT(R$61,2))),""yyyy-MM-dd"")),0)),""""),selectedDate,DATE($P$3,MONTH(1&$N$3"&"),VALUE(LEFT(R$61,2))),IF(logStatus<>"""",UPPER(logStatus),IF(selectedDate>TODAY(),""-"",IF(REGEXMATCH(R$61,""SUN""),""WO"",IF(R$64<>"""",IF(VALUE(R$64)>=9/24,""FD"",""HD""),""A"")))))))"),"-") -> - | S65: =IFERROR(__xludf.DUMMYFUNCTION("IF($A60="""","""",IF(S$61="""","""",LET(logStatus,IFNA(INDEX(DATA_LOG!$E:$E,MATCH(1,(DATA_LOG!$A:$A=$A60)*(TEXT(DATA_LOG!$B:$B,""yyyy-MM-dd"")=TEXT(DATE($P$3,MONTH(1&$N$3),VALUE(LEFT(S$61,2))),""yyyy-MM-dd"")),0)),""""),selectedDate,DATE($P$3,MONTH(1&$N$3"&"),VALUE(LEFT(S$61,2))),IF(logStatus<>"""",UPPER(logStatus),IF(selectedDate>TODAY(),""-"",IF(REGEXMATCH(S$61,""SUN""),""WO"",IF(S$64<>"""",IF(VALUE(S$64)>=9/24,""FD"",""HD""),""A"")))))))"),"-") -> - | T65: =IFERROR(__xludf.DUMMYFUNCTION("IF($A60="""","""",IF(T$61="""","""",LET(logStatus,IFNA(INDEX(DATA_LOG!$E:$E,MATCH(1,(DATA_LOG!$A:$A=$A60)*(TEXT(DATA_LOG!$B:$B,""yyyy-MM-dd"")=TEXT(DATE($P$3,MONTH(1&$N$3),VALUE(LEFT(T$61,2))),""yyyy-MM-dd"")),0)),""""),selectedDate,DATE($P$3,MONTH(1&$N$3"&"),VALUE(LEFT(T$61,2))),IF(logStatus<>"""",UPPER(logStatus),IF(selectedDate>TODAY(),""-"",IF(REGEXMATCH(T$61,""SUN""),""WO"",IF(T$64<>"""",IF(VALUE(T$64)>=9/24,""FD"",""HD""),""A"")))))))"),"-") -> - | U65: =IFERROR(__xludf.DUMMYFUNCTION("IF($A60="""","""",IF(U$61="""","""",LET(logStatus,IFNA(INDEX(DATA_LOG!$E:$E,MATCH(1,(DATA_LOG!$A:$A=$A60)*(TEXT(DATA_LOG!$B:$B,""yyyy-MM-dd"")=TEXT(DATE($P$3,MONTH(1&$N$3),VALUE(LEFT(U$61,2))),""yyyy-MM-dd"")),0)),""""),selectedDate,DATE($P$3,MONTH(1&$N$3"&"),VALUE(LEFT(U$61,2))),IF(logStatus<>"""",UPPER(logStatus),IF(selectedDate>TODAY(),""-"",IF(REGEXMATCH(U$61,""SUN""),""WO"",IF(U$64<>"""",IF(VALUE(U$64)>=9/24,""FD"",""HD""),""A"")))))))"),"-") -> - | V65: =IFERROR(__xludf.DUMMYFUNCTION("IF($A60="""","""",IF(V$61="""","""",LET(logStatus,IFNA(INDEX(DATA_LOG!$E:$E,MATCH(1,(DATA_LOG!$A:$A=$A60)*(TEXT(DATA_LOG!$B:$B,""yyyy-MM-dd"")=TEXT(DATE($P$3,MONTH(1&$N$3),VALUE(LEFT(V$61,2))),""yyyy-MM-dd"")),0)),""""),selectedDate,DATE($P$3,MONTH(1&$N$3"&"),VALUE(LEFT(V$61,2))),IF(logStatus<>"""",UPPER(logStatus),IF(selectedDate>TODAY(),""-"",IF(REGEXMATCH(V$61,""SUN""),""WO"",IF(V$64<>"""",IF(VALUE(V$64)>=9/24,""FD"",""HD""),""A"")))))))"),"-") -> - | W65: =IFERROR(__xludf.DUMMYFUNCTION("IF($A60="""","""",IF(W$61="""","""",LET(logStatus,IFNA(INDEX(DATA_LOG!$E:$E,MATCH(1,(DATA_LOG!$A:$A=$A60)*(TEXT(DATA_LOG!$B:$B,""yyyy-MM-dd"")=TEXT(DATE($P$3,MONTH(1&$N$3),VALUE(LEFT(W$61,2))),""yyyy-MM-dd"")),0)),""""),selectedDate,DATE($P$3,MONTH(1&$N$3"&"),VALUE(LEFT(W$61,2))),IF(logStatus<>"""",UPPER(logStatus),IF(selectedDate>TODAY(),""-"",IF(REGEXMATCH(W$61,""SUN""),""WO"",IF(W$64<>"""",IF(VALUE(W$64)>=9/24,""FD"",""HD""),""A"")))))))"),"-") -> - | X65: =IFERROR(__xludf.DUMMYFUNCTION("IF($A60="""","""",IF(X$61="""","""",LET(logStatus,IFNA(INDEX(DATA_LOG!$E:$E,MATCH(1,(DATA_LOG!$A:$A=$A60)*(TEXT(DATA_LOG!$B:$B,""yyyy-MM-dd"")=TEXT(DATE($P$3,MONTH(1&$N$3),VALUE(LEFT(X$61,2))),""yyyy-MM-dd"")),0)),""""),selectedDate,DATE($P$3,MONTH(1&$N$3"&"),VALUE(LEFT(X$61,2))),IF(logStatus<>"""",UPPER(logStatus),IF(selectedDate>TODAY(),""-"",IF(REGEXMATCH(X$61,""SUN""),""WO"",IF(X$64<>"""",IF(VALUE(X$64)>=9/24,""FD"",""HD""),""A"")))))))"),"-") -> - | Y65: =IFERROR(__xludf.DUMMYFUNCTION("IF($A60="""","""",IF(Y$61="""","""",LET(logStatus,IFNA(INDEX(DATA_LOG!$E:$E,MATCH(1,(DATA_LOG!$A:$A=$A60)*(TEXT(DATA_LOG!$B:$B,""yyyy-MM-dd"")=TEXT(DATE($P$3,MONTH(1&$N$3),VALUE(LEFT(Y$61,2))),""yyyy-MM-dd"")),0)),""""),selectedDate,DATE($P$3,MONTH(1&$N$3"&"),VALUE(LEFT(Y$61,2))),IF(logStatus<>"""",UPPER(logStatus),IF(selectedDate>TODAY(),""-"",IF(REGEXMATCH(Y$61,""SUN""),""WO"",IF(Y$64<>"""",IF(VALUE(Y$64)>=9/24,""FD"",""HD""),""A"")))))))"),"-") -> - | Z65: =IFERROR(__xludf.DUMMYFUNCTION("IF($A60="""","""",IF(Z$61="""","""",LET(logStatus,IFNA(INDEX(DATA_LOG!$E:$E,MATCH(1,(DATA_LOG!$A:$A=$A60)*(TEXT(DATA_LOG!$B:$B,""yyyy-MM-dd"")=TEXT(DATE($P$3,MONTH(1&$N$3),VALUE(LEFT(Z$61,2))),""yyyy-MM-dd"")),0)),""""),selectedDate,DATE($P$3,MONTH(1&$N$3"&"),VALUE(LEFT(Z$61,2))),IF(logStatus<>"""",UPPER(logStatus),IF(selectedDate>TODAY(),""-"",IF(REGEXMATCH(Z$61,""SUN""),""WO"",IF(Z$64<>"""",IF(VALUE(Z$64)>=9/24,""FD"",""HD""),""A"")))))))"),"-") -> - | AA65: =IFERROR(__xludf.DUMMYFUNCTION("IF($A60="""","""",IF(AA$61="""","""",LET(logStatus,IFNA(INDEX(DATA_LOG!$E:$E,MATCH(1,(DATA_LOG!$A:$A=$A60)*(TEXT(DATA_LOG!$B:$B,""yyyy-MM-dd"")=TEXT(DATE($P$3,MONTH(1&$N$3),VALUE(LEFT(AA$61,2))),""yyyy-MM-dd"")),0)),""""),selectedDate,DATE($P$3,MONTH(1&$N"&"$3),VALUE(LEFT(AA$61,2))),IF(logStatus<>"""",UPPER(logStatus),IF(selectedDate>TODAY(),""-"",IF(REGEXMATCH(AA$61,""SUN""),""WO"",IF(AA$64<>"""",IF(VALUE(AA$64)>=9/24,""FD"",""HD""),""A"")))))))"),"-") -> - | AB65: =IFERROR(__xludf.DUMMYFUNCTION("IF($A60="""","""",IF(AB$61="""","""",LET(logStatus,IFNA(INDEX(DATA_LOG!$E:$E,MATCH(1,(DATA_LOG!$A:$A=$A60)*(TEXT(DATA_LOG!$B:$B,""yyyy-MM-dd"")=TEXT(DATE($P$3,MONTH(1&$N$3),VALUE(LEFT(AB$61,2))),""yyyy-MM-dd"")),0)),""""),selectedDate,DATE($P$3,MONTH(1&$N"&"$3),VALUE(LEFT(AB$61,2))),IF(logStatus<>"""",UPPER(logStatus),IF(selectedDate>TODAY(),""-"",IF(REGEXMATCH(AB$61,""SUN""),""WO"",IF(AB$64<>"""",IF(VALUE(AB$64)>=9/24,""FD"",""HD""),""A"")))))))"),"-") -> - | AC65: =IFERROR(__xludf.DUMMYFUNCTION("IF($A60="""","""",IF(AC$61="""","""",LET(logStatus,IFNA(INDEX(DATA_LOG!$E:$E,MATCH(1,(DATA_LOG!$A:$A=$A60)*(TEXT(DATA_LOG!$B:$B,""yyyy-MM-dd"")=TEXT(DATE($P$3,MONTH(1&$N$3),VALUE(LEFT(AC$61,2))),""yyyy-MM-dd"")),0)),""""),selectedDate,DATE($P$3,MONTH(1&$N"&"$3),VALUE(LEFT(AC$61,2))),IF(logStatus<>"""",UPPER(logStatus),IF(selectedDate>TODAY(),""-"",IF(REGEXMATCH(AC$61,""SUN""),""WO"",IF(AC$64<>"""",IF(VALUE(AC$64)>=9/24,""FD"",""HD""),""A"")))))))"),"-") -> - | AD65: =IFERROR(__xludf.DUMMYFUNCTION("IF($A60="""","""",IF(AD$61="""","""",LET(logStatus,IFNA(INDEX(DATA_LOG!$E:$E,MATCH(1,(DATA_LOG!$A:$A=$A60)*(TEXT(DATA_LOG!$B:$B,""yyyy-MM-dd"")=TEXT(DATE($P$3,MONTH(1&$N$3),VALUE(LEFT(AD$61,2))),""yyyy-MM-dd"")),0)),""""),selectedDate,DATE($P$3,MONTH(1&$N"&"$3),VALUE(LEFT(AD$61,2))),IF(logStatus<>"""",UPPER(logStatus),IF(selectedDate>TODAY(),""-"",IF(REGEXMATCH(AD$61,""SUN""),""WO"",IF(AD$64<>"""",IF(VALUE(AD$64)>=9/24,""FD"",""HD""),""A"")))))))"),"-") -> - | AE65: =IFERROR(__xludf.DUMMYFUNCTION("IF($A60="""","""",IF(AE$61="""","""",LET(logStatus,IFNA(INDEX(DATA_LOG!$E:$E,MATCH(1,(DATA_LOG!$A:$A=$A60)*(TEXT(DATA_LOG!$B:$B,""yyyy-MM-dd"")=TEXT(DATE($P$3,MONTH(1&$N$3),VALUE(LEFT(AE$61,2))),""yyyy-MM-dd"")),0)),""""),selectedDate,DATE($P$3,MONTH(1&$N"&"$3),VALUE(LEFT(AE$61,2))),IF(logStatus<>"""",UPPER(logStatus),IF(selectedDate>TODAY(),""-"",IF(REGEXMATCH(AE$61,""SUN""),""WO"",IF(AE$64<>"""",IF(VALUE(AE$64)>=9/24,""FD"",""HD""),""A"")))))))"),"-") -> - | AF65: =IFERROR(__xludf.DUMMYFUNCTION("IF($A60="""","""",IF(AF$61="""","""",LET(logStatus,IFNA(INDEX(DATA_LOG!$E:$E,MATCH(1,(DATA_LOG!$A:$A=$A60)*(TEXT(DATA_LOG!$B:$B,""yyyy-MM-dd"")=TEXT(DATE($P$3,MONTH(1&$N$3),VALUE(LEFT(AF$61,2))),""yyyy-MM-dd"")),0)),""""),selectedDate,DATE($P$3,MONTH(1&$N"&"$3),VALUE(LEFT(AF$61,2))),IF(logStatus<>"""",UPPER(logStatus),IF(selectedDate>TODAY(),""-"",IF(REGEXMATCH(AF$61,""SUN""),""WO"",IF(AF$64<>"""",IF(VALUE(AF$64)>=9/24,""FD"",""HD""),""A"")))))))"),"")
A67: {=INDEX(EMPLOYEE_LIST!$A:$A,INT((ROW()-4)/7)+2)} -> ROSHAN VISHWAKARMA | D67: =IF(A67="", "", IFERROR(VLOOKUP(A67, EMPLOYEE_LIST!$A:$H, 2, FALSE), "")) -> AYV-34 | H67: =IF(A67="", "", IFERROR(VLOOKUP(A67, EMPLOYEE_LIST!$A:$H, 3, FALSE), "")) -> ENGINEERING | L67: =IF(A67="", "", IFERROR(VLOOKUP(A67, EMPLOYEE_LIST!$A:$H, 4, FALSE), "")) -> SUPERVISOR | P67: =IF($A67="", "", "Full Day: " & COUNTIF(B72:AF72, "FD")) -> Full Day: 0 | S67: =IF($A67="", "", "HALF Day: " & COUNTIF(B72:AF72, "HD")) -> HALF Day: 0 | V67: =IF($A67="", "", "ABSENT: " & COUNTIF(B72:AF72, "A")) -> ABSENT: 10 | Y67: =IF($A67="", "", "WEEK OFF: " & COUNTIF(B72:AF72, "WO")) -> WEEK OFF: 1 | AB67: =IF($A67="", "", "LEAVE: " & COUNTIF(B72:AF72, "L")) -> LEAVE: 0 | AD67: =IF($A67="", "", "HOLIDAY: " & COUNTIF(B72:AF72, "HL")) -> HOLIDAY: 0
A68: =IF($A67="", "", "DATE") -> DATE | B68: {=IF($A67="","",LET(mNum,MONTH(1&$N$3),start,DATE($P$3,mNum,1),days,DAY(EOMONTH(start,0)),MAP(SEQUENCE(1,days,0),LAMBDA(n,UPPER(TEXT(start+n,"dd (ddd)"))))))} -> 01 (TUE) | C68: 02 (WED) | D68: 03 (THU) | E68: 04 (FRI) | F68: 05 (SAT) | G68: 06 (SUN) | H68: 07 (MON) | I68: 08 (TUE) | J68: 09 (WED) | K68: 10 (THU) | L68: 11 (FRI) | M68: 12 (SAT) | N68: 13 (SUN) | O68: 14 (MON) | P68: 15 (TUE) | Q68: 16 (WED) | R68: 17 (THU) | S68: 18 (FRI) | T68: 19 (SAT) | U68: 20 (SUN) | V68: 21 (MON) | W68: 22 (TUE) | X68: 23 (WED) | Y68: 24 (THU) | Z68: 25 (FRI) | AA68: 26 (SAT) | AB68: 27 (SUN) | AC68: 28 (MON) | AD68: 29 (TUE) | AE68: 30 (WED)
A69: =IF($A67="", "", "IN") -> IN | B69: {=IF(OR($A67="",B$68=""),"",IFNA(INDEX(DATA_LOG!$C:$C,MATCH(1,(DATA_LOG!$A:$A=$A67)*(TEXT(DATA_LOG!$B:$B,"yyyy-MM-dd")=TEXT(DATE($P$3,MONTH(1&$N$3),VALUE(LEFT(B$68,2))),"yyyy-MM-dd")),0)),""))} | C69: {=IF(OR($A67="",C$68=""),"",IFNA(INDEX(DATA_LOG!$C:$C,MATCH(1,(DATA_LOG!$A:$A=$A67)*(TEXT(DATA_LOG!$B:$B,"yyyy-MM-dd")=TEXT(DATE($P$3,MONTH(1&$N$3),VALUE(LEFT(C$68,2))),"yyyy-MM-dd")),0)),""))} | D69: {=IF(OR($A67="",D$5=""),"",IFNA(INDEX(DATA_LOG!$C:$C,MATCH(1,(DATA_LOG!$A:$A=$A67)*(TEXT(DATA_LOG!$B:$B,"yyyy-MM-dd")=TEXT(DATE($P$3,MONTH(1&$N$3),VALUE(LEFT(D$5,2))),"yyyy-MM-dd")),0)),""))} | E69: {=IF(OR($A67="",E$5=""),"",IFNA(INDEX(DATA_LOG!$C:$C,MATCH(1,(DATA_LOG!$A:$A=$A67)*(TEXT(DATA_LOG!$B:$B,"yyyy-MM-dd")=TEXT(DATE($P$3,MONTH(1&$N$3),VALUE(LEFT(E$5,2))),"yyyy-MM-dd")),0)),""))} | F69: {=IF(OR($A67="",F$5=""),"",IFNA(INDEX(DATA_LOG!$C:$C,MATCH(1,(DATA_LOG!$A:$A=$A67)*(TEXT(DATA_LOG!$B:$B,"yyyy-MM-dd")=TEXT(DATE($P$3,MONTH(1&$N$3),VALUE(LEFT(F$5,2))),"yyyy-MM-dd")),0)),""))} | G69: {=IF(OR($A67="",G$5=""),"",IFNA(INDEX(DATA_LOG!$C:$C,MATCH(1,(DATA_LOG!$A:$A=$A67)*(TEXT(DATA_LOG!$B:$B,"yyyy-MM-dd")=TEXT(DATE($P$3,MONTH(1&$N$3),VALUE(LEFT(G$5,2))),"yyyy-MM-dd")),0)),""))} | H69: {=IF(OR($A67="",H$5=""),"",IFNA(INDEX(DATA_LOG!$C:$C,MATCH(1,(DATA_LOG!$A:$A=$A67)*(TEXT(DATA_LOG!$B:$B,"yyyy-MM-dd")=TEXT(DATE($P$3,MONTH(1&$N$3),VALUE(LEFT(H$5,2))),"yyyy-MM-dd")),0)),""))} | I69: {=IF(OR($A67="",I$5=""),"",IFNA(INDEX(DATA_LOG!$C:$C,MATCH(1,(DATA_LOG!$A:$A=$A67)*(TEXT(DATA_LOG!$B:$B,"yyyy-MM-dd")=TEXT(DATE($P$3,MONTH(1&$N$3),VALUE(LEFT(I$5,2))),"yyyy-MM-dd")),0)),""))} | J69: {=IF(OR($A67="",J$5=""),"",IFNA(INDEX(DATA_LOG!$C:$C,MATCH(1,(DATA_LOG!$A:$A=$A67)*(TEXT(DATA_LOG!$B:$B,"yyyy-MM-dd")=TEXT(DATE($P$3,MONTH(1&$N$3),VALUE(LEFT(J$5,2))),"yyyy-MM-dd")),0)),""))} | K69: {=IF(OR($A67="",K$5=""),"",IFNA(INDEX(DATA_LOG!$C:$C,MATCH(1,(DATA_LOG!$A:$A=$A67)*(TEXT(DATA_LOG!$B:$B,"yyyy-MM-dd")=TEXT(DATE($P$3,MONTH(1&$N$3),VALUE(LEFT(K$5,2))),"yyyy-MM-dd")),0)),""))} | ... AF69: {=IF(OR($A67="",AF$5=""),"",IFNA(INDEX(DATA_LOG!$C:$C,MATCH(1,(DATA_LOG!$A:$A=$A67)*(TEXT(DATA_LOG!$B:$B,"yyyy-MM-dd")=TEXT(DATE($P$3,MONTH(1&$N$3),VALUE(LEFT(AF$5,2))),"yyyy-MM-dd")),0)),""))}
A70: =IF($A67="", "", "OUT") -> OUT | B70: {=IF(OR($A67="",B$68=""),"",IFNA(INDEX(DATA_LOG!$D:$D,MATCH(1,(DATA_LOG!$A:$A=$A67)*(TEXT(DATA_LOG!$B:$B,"yyyy-MM-dd")=TEXT(DATE($P$3,MONTH(1&$N$3),VALUE(LEFT(B$68,2))),"yyyy-MM-dd")),0)),""))} | C70: {=IF(OR($A67="",C$68=""),"",IFNA(INDEX(DATA_LOG!$D:$D,MATCH(1,(DATA_LOG!$A:$A=$A67)*(TEXT(DATA_LOG!$B:$B,"yyyy-MM-dd")=TEXT(DATE($P$3,MONTH(1&$N$3),VALUE(LEFT(C$68,2))),"yyyy-MM-dd")),0)),""))} | D70: {=IF(OR($A67="",D$5=""),"",IFNA(INDEX(DATA_LOG!$D:$D,MATCH(1,(DATA_LOG!$A:$A=$A67)*(TEXT(DATA_LOG!$B:$B,"yyyy-MM-dd")=TEXT(DATE($P$3,MONTH(1&$N$3),VALUE(LEFT(D$5,2))),"yyyy-MM-dd")),0)),""))} | E70: {=IF(OR($A67="",E$5=""),"",IFNA(INDEX(DATA_LOG!$D:$D,MATCH(1,(DATA_LOG!$A:$A=$A67)*(TEXT(DATA_LOG!$B:$B,"yyyy-MM-dd")=TEXT(DATE($P$3,MONTH(1&$N$3),VALUE(LEFT(E$5,2))),"yyyy-MM-dd")),0)),""))} | F70: {=IF(OR($A67="",F$5=""),"",IFNA(INDEX(DATA_LOG!$D:$D,MATCH(1,(DATA_LOG!$A:$A=$A67)*(TEXT(DATA_LOG!$B:$B,"yyyy-MM-dd")=TEXT(DATE($P$3,MONTH(1&$N$3),VALUE(LEFT(F$5,2))),"yyyy-MM-dd")),0)),""))} | G70: {=IF(OR($A67="",G$5=""),"",IFNA(INDEX(DATA_LOG!$D:$D,MATCH(1,(DATA_LOG!$A:$A=$A67)*(TEXT(DATA_LOG!$B:$B,"yyyy-MM-dd")=TEXT(DATE($P$3,MONTH(1&$N$3),VALUE(LEFT(G$5,2))),"yyyy-MM-dd")),0)),""))} | H70: {=IF(OR($A67="",H$5=""),"",IFNA(INDEX(DATA_LOG!$D:$D,MATCH(1,(DATA_LOG!$A:$A=$A67)*(TEXT(DATA_LOG!$B:$B,"yyyy-MM-dd")=TEXT(DATE($P$3,MONTH(1&$N$3),VALUE(LEFT(H$5,2))),"yyyy-MM-dd")),0)),""))} | I70: {=IF(OR($A67="",I$5=""),"",IFNA(INDEX(DATA_LOG!$D:$D,MATCH(1,(DATA_LOG!$A:$A=$A67)*(TEXT(DATA_LOG!$B:$B,"yyyy-MM-dd")=TEXT(DATE($P$3,MONTH(1&$N$3),VALUE(LEFT(I$5,2))),"yyyy-MM-dd")),0)),""))} | J70: {=IF(OR($A67="",J$5=""),"",IFNA(INDEX(DATA_LOG!$D:$D,MATCH(1,(DATA_LOG!$A:$A=$A67)*(TEXT(DATA_LOG!$B:$B,"yyyy-MM-dd")=TEXT(DATE($P$3,MONTH(1&$N$3),VALUE(LEFT(J$5,2))),"yyyy-MM-dd")),0)),""))} | K70: {=IF(OR($A67="",K$5=""),"",IFNA(INDEX(DATA_LOG!$D:$D,MATCH(1,(DATA_LOG!$A:$A=$A67)*(TEXT(DATA_LOG!$B:$B,"yyyy-MM-dd")=TEXT(DATE($P$3,MONTH(1&$N$3),VALUE(LEFT(K$5,2))),"yyyy-MM-dd")),0)),""))} | ... AF70: {=IF(OR($A67="",AF$5=""),"",IFNA(INDEX(DATA_LOG!$D:$D,MATCH(1,(DATA_LOG!$A:$A=$A67)*(TEXT(DATA_LOG!$B:$B,"yyyy-MM-dd")=TEXT(DATE($P$3,MONTH(1&$N$3),VALUE(LEFT(AF$5,2))),"yyyy-MM-dd")),0)),""))}
A71: =IF($A67="", "", "TOTAL") -> TOTAL | B71: =IF(AND(B62<>"",B63<>""),TEXT(MOD(B63-B62,1),"hh:mm"),"") | C71: =IF(OR(C69="",C70=""),"",C70-C69) | D71: =IF(OR(D69="",D70=""),"",D70-D69) | E71: =IF(OR(E69="",E70=""),"",E70-E69) | F71: =IF(OR(F69="",F70=""),"",F70-F69) | G71: =IF(OR(G69="",G70=""),"",G70-G69) | H71: =IF(OR(H69="",H70=""),"",H70-H69) | I71: =IF(OR(I69="",I70=""),"",I70-I69) | J71: =IF(OR(J69="",J70=""),"",J70-J69) | ... AF71: =IF(OR(AF69="",AF70=""),"",AF70-AF69)
